StudioTestName,RecordName,ParticipantName,Music_score_reading_completeness,Bass_part_reading_completeness,Left_and_right_hand_integration_ability,all_recommended_time,Rhythmic_stability,bar_difficulty_ave,Visual_stability,Spectral_analysis_ability3
B test4,Rec 162,P16,GW.PNG,0.6111111111111112,1.0,0.3333333333333333,4716.0,0.05004240882103478,0.005077777777777777,29.647340510865888,11.90721649484536
B test4,Rec 162,P16,GW2.PNG,0.5454545454545454,1.0,0.18181818181818185,4180.0,0.4143540669856459,0.004281818181818183,52.52492580036176,15.494736842105265
B test4,Rec 162,P16,GW3.PNG,0.625,1.0,5.25,2608.0,0.2147239263803681,0.0058249999999999994,0.4235041667367545,3.1366906474820144
B test4,Rec 162,P16,LB1.PNG,0.6666666666666666,1.0,0.5833333333333334,5040.0,0.07380952380952381,0.0040666666666666655,44.897549136134046,19.70149253731343
B test4,Rec 162,P16,LB2.PNG,0.7916666666666666,1.0,7.083333333333332,9024.0,0.16932624113475178,0.005141666666666667,48.64453566437212,18.814814814814813
B test4,Rec 162,P16,LB3.PNG,0.625,1.0,7.5,832.0,0.14423076923076922,0.0065,63.21383439658517,3.3076923076923075
B test4,Rec 162,P16,WX1.PNG,0.5,1.0,0.1111111111111111,4788.0,0.08437761069340016,0.0072,28.071072115999485,8.240601503759397
B test4,Rec 162,P16,WX2.PNG,0.5,1.0,0.1,3440.0,0.08837209302325581,0.00683,37.42012191440779,10.883720930232556
B test4,Rec 162,P16,WX3.PNG,0.5,1.0,0.3333333333333333,540.0,0.26666666666666666,0.0102,93.21020697979773,3.8
