StudioTestName,RecordName,ParticipantName,Music_score_reading_completeness,Bass_part_reading_completeness,Left_and_right_hand_integration_ability,all_recommended_time,Rhythmic_stability,bar_difficulty_ave,Visual_stability,Spectral_analysis_ability3
B test4,Rec 161,P16,GW.PNG,0.6666666666666666,0.3333333333333333,1.3333333333333333,2844.0,0.6244725738396625,0.005077777777777777,43.0071936349226,14.79746835443038
B test4,Rec 161,P16,GW2.PNG,0.7727272727272727,0.5454545454545454,0.7272727272727273,2112.0,0.9715909090909092,0.004281818181818183,66.67602578015817,17.1984126984127
B test4,Rec 161,P16,GW3.PNG,0.75,0.5,0.75,1616.0,0.10148514851485148,0.0058249999999999994,16.543139495048074,5.366336633663367
B test4,Rec 161,P16,LB1.PNG,0.7083333333333334,0.5,1.3333333333333333,6480.0,0.18580246913580248,0.0040666666666666655,38.694369959438575,13.447761194029852
B test4,Rec 161,P16,LB2.PNG,0.6666666666666666,0.3333333333333333,0.5,3216.0,0.1927860696517413,0.005141666666666667,47.5723527506929,12.291262135922329
B test4,Rec 161,P16,LB3.PNG,0.875,0.75,1.75,848.0,0.8820754716981132,0.0065,21.558749437518237,9.72093023255814
B test4,Rec 161,P16,WX1.PNG,1.0,1.0,2.6666666666666665,1116.0,1.3261648745519714,0.0072,66.08872903233221,5.913043478260869
B test4,Rec 161,P16,WX2.PNG,0.85,0.7,1.5,2600.0,1.1846153846153846,0.00683,48.88516133194123,18.353846153846156
B test4,Rec 161,P16,WX3.PNG,1.0,1.0,2.6666666666666665,480.0,0.06666666666666668,0.0102,70.90430263541488,3.1587301587301586
