StudioTestName,RecordName,ParticipantName,Music_score_reading_completeness,Bass_part_reading_completeness,Left_and_right_hand_integration_ability,all_recommended_time,Rhythmic_stability,bar_difficulty_ave,Visual_stability,Spectral_analysis_ability3
B test4,Rec 165,P16,GW.PNG,0.8333333333333334,0.8888888888888888,5.111111111111111,3348.0,0.4659498207885305,0.005077777777777777,65.20115244664673,0.8372093023255814
B test4,Rec 165,P16,GW2.PNG,0.9545454545454546,0.9090909090909092,3.1818181818181817,4268.0,0.25866916588566075,0.004281818181818183,63.01495448523712,2.511627906976744
B test4,Rec 165,P16,GW3.PNG,1.0,1.0,3.25,832.0,0.4519230769230769,0.0058249999999999994,23.072183291941567,4.225352112676056
B test4,Rec 165,P16,LB1.PNG,0.9583333333333334,1.0,4.916666666666667,3840.0,0.04166666666666666,0.0040666666666666655,55.38864897326154,4.781609195402298
B test4,Rec 165,P16,LB2.PNG,1.0,1.0,1.9166666666666667,3936.0,0.16260162601626016,0.005141666666666667,55.29106866735381,3.1379310344827585
B test4,Rec 165,P16,LB3.PNG,0.875,0.75,3.5,1872.0,0.07264957264957267,0.0065,53.744974127902495,2.8076923076923075
B test4,Rec 165,P16,WX1.PNG,1.0,1.0,7.111111111111112,3636.0,0.0176017601760176,0.0072,49.5541436439297,0.6265060240963856
B test4,Rec 165,P16,WX2.PNG,1.0,1.0,3.6,4440.0,0.03423423423423423,0.00683,60.94666127511166,0.5945945945945946
B test4,Rec 165,P16,WX3.PNG,1.0,1.0,5.0,1440.0,0.027777777777777776,0.0102,98.3028646134066,3.5072463768115942
