StudioTestName,RecordName,ParticipantName,Music_score_reading_completeness,Bass_part_reading_completeness,Left_and_right_hand_integration_ability,all_recommended_time,Rhythmic_stability,bar_difficulty_ave,Visual_stability,Spectral_analysis_ability3
B test4,Rec 164,P16,GW.PNG,0.5555555555555556,1.0,0.2222222222222222,5868.0,0.098159509202454,0.005077777777777777,50.622085832135895,7.834355828220858
B test4,Rec 164,P16,GW2.PNG,0.5454545454545454,1.0,0.18181818181818185,5236.0,0.1115355233002292,0.004281818181818183,42.816998403931116,12.218487394957984
B test4,Rec 164,P16,GW3.PNG,0.75,1.0,0.75,2768.0,0.21965317919075145,0.0058249999999999994,39.007795225216995,3.0209790209790213
B test4,Rec 164,P16,LB1.PNG,0.5833333333333334,1.0,0.25,5472.0,0.027046783625730996,0.0040666666666666655,41.399211677587,19.26388888888889
B test4,Rec 164,P16,LB2.PNG,0.5833333333333334,1.0,0.3333333333333333,5424.0,0.15191740412979352,0.005141666666666667,49.70723414018444,24.112903225806452
B test4,Rec 164,P16,LB3.PNG,0.625,1.0,9.25,1600.0,0.295,0.0065,33.500470677733986,6.578947368421053
B test4,Rec 164,P16,WX1.PNG,0.6666666666666666,1.0,7.4444444444444455,5364.0,0.04548844146159582,0.0072,23.3121888794311,21.754098360655735
B test4,Rec 164,P16,WX2.PNG,0.5,1.0,0.1,7520.0,0.09095744680851063,0.00683,26.51123884566637,10.909574468085106
B test4,Rec 164,P16,WX3.PNG,0.8333333333333334,1.0,1.3333333333333333,1752.0,0.0867579908675799,0.0102,26.415178821756523,4.149253731343284
