StudioTestName,RecordName,ParticipantName,Music_score_reading_completeness,Bass_part_reading_completeness,Left_and_right_hand_integration_ability,all_recommended_time,Rhythmic_stability,bar_difficulty_ave,Visual_stability,Spectral_analysis_ability3
B test4,Rec 163,P16,GW.PNG,0.8333333333333334,0.6666666666666666,1.5555555555555556,3960.0,0.28484848484848485,0.005077777777777777,27.338034207640945,5.465517241379311
B test4,Rec 163,P16,GW2.PNG,0.7272727272727273,0.4545454545454545,0.8181818181818182,4752.0,0.7710437710437711,0.004281818181818183,48.59130256999486,13.768558951965066
B test4,Rec 163,P16,GW3.PNG,0.625,0.25,0.75,896.0,1.6428571428571428,0.0058249999999999994,28.70057099129385,11.964285714285715
B test4,Rec 163,P16,LB1.PNG,0.75,0.5833333333333334,1.1666666666666667,7968.0,0.18373493975903613,0.0040666666666666655,27.70293068309873,5.813793103448276
B test4,Rec 163,P16,LB2.PNG,0.5833333333333334,0.16666666666666666,0.25,6864.0,0.049533799533799536,0.005141666666666667,56.329606686555465,12.685314685314687
B test4,Rec 163,P16,LB3.PNG,0.75,0.5,0.75,848.0,0.3018867924528302,0.0065,65.96101383819982,5.793103448275862
B test4,Rec 163,P16,WX1.PNG,0.8888888888888888,0.7777777777777778,3.6666666666666665,5400.0,0.11851851851851852,0.0072,46.01326225212021,2.2266666666666666
B test4,Rec 163,P16,WX2.PNG,0.7,0.4,1.5,8760.0,0.11232876712328768,0.00683,16.735144903947162,7.5593220338983045
B test4,Rec 163,P16,WX3.PNG,1.0,1.0,4.0,60.0,0.06666666666666668,0.0102,2.389170929544604,4.228187919463087
