StudioTestName,RecordName,ParticipantName,singleMediaName,Music_score_reading_completeness,Bass_part_reading_completeness,Left_and_right_hand_integration_ability,all_recommended_time,Rhythmic_stability,bar_difficulty_ave,Visual_stability,Spectral_analysis_ability3
Btest_new3,Rec 241,P24,GW.PNG,0.8333333333333334,0.6666666666666666,3.2222222222222223,3348.0,0.026284348864994027,0.005077777777777777,29.56992222608864,5.8909090909090915
Btest_new3,Rec 241,P24,GW2.PNG,0.8636363636363636,0.7272727272727273,3.1818181818181817,1364.0,0.5366568914956011,0.004281818181818183,42.01325307549112,19.0
Btest_new3,Rec 241,P24,GW3.PNG,0.75,0.5,1.25,304.0,0.17105263157894735,0.0058249999999999994,62.61310906997678,4.894736842105263
Btest_new3,Rec 241,P24,WX1.PNG,0.9444444444444444,0.8888888888888888,4.5555555555555545,1044.0,1.8735632183908049,0.0072,73.64760226849934,10.27906976744186
Btest_new3,Rec 241,P24,WX2.PNG,0.9,0.8,2.8,2200.0,0.01818181818181818,0.00683,43.86619722683735,6.35
Btest_new3,Rec 241,P24,WX3.PNG,1.0,1.0,4.333333333333333,360.0,1.0111111111111108,0.0102,81.3065458107731,0.54
Btest_new3,Rec 241,P24,LB1.jpg,0.875,0.75,5.75,3984.0,0.008032128514056224,0.0040666666666666655,46.384431194100245,2.833333333333333
Btest_new3,Rec 241,P24,LB2.jpg,0.8333333333333334,0.6666666666666666,1.4166666666666667,1392.0,0.20114942528735635,0.005141666666666667,39.884652904896825,9.5
Btest_new3,Rec 241,P24,LB3.jpg,1.0,1.0,4.25,448.0,0.03571428571428571,0.0065,12.525309424823373,1.1034482758620692
