StudioTestName,RecordName,ParticipantName,Music_score_reading_completeness,Bass_part_reading_completeness,Left_and_right_hand_integration_ability,all_recommended_time,Rhythmic_stability,bar_difficulty_ave,Visual_stability,Spectral_analysis_ability3
Btest_new3,Rec 242,P24,GW.PNG,0.9444444444444444,1.0,11.888888888888891,684.0,0.43859649122807015,0.005077777777777777,34.980640412174985,3.1578947368421053
Btest_new3,Rec 242,P24,GW2.PNG,0.8636363636363636,1.0,5.727272727272728,1892.0,0.572938689217759,0.004281818181818183,64.1784680372408,28.63636363636364
Btest_new3,Rec 242,P24,GW3.PNG,0.875,1.0,10.5,800.0,0.155,0.0058249999999999994,80.94321511385681,2.3823529411764706
Btest_new3,Rec 242,P24,WX1.PNG,0.8333333333333334,0.7777777777777778,10.333333333333334,1440.0,0.09166666666666666,0.0072,54.178358252465976,4.777777777777779
Btest_new3,Rec 242,P24,WX2.PNG,0.8,1.0,10.1,1000.0,0.768,0.00683,78.19100573261028,10.173913043478262
Btest_new3,Rec 242,P24,WX3.PNG,0.8333333333333334,1.0,1.3333333333333333,720.0,0.12222222222222222,0.0102,22.123056203959898,0.9833333333333332
Btest_new3,Rec 242,P24,LB1.jpg,0.75,0.8333333333333334,8.416666666666666,1248.0,0.4391025641025641,0.0040666666666666655,58.15767842073625,18.055555555555557
Btest_new3,Rec 242,P24,LB2.jpg,0.7916666666666666,1.0,2.333333333333333,2064.0,0.07364341085271317,0.005141666666666667,51.50944565569755,9.757575757575758
Btest_new3,Rec 242,P24,LB3.jpg,0.875,1.0,3.25,304.0,0.1973684210526316,0.0065,35.53439052499432,0.0625
