StudioTestName,RecordName,ParticipantName,Music_score_reading_completeness,Bass_part_reading_completeness,Left_and_right_hand_integration_ability,all_recommended_time,Rhythmic_stability,bar_difficulty_ave,Visual_stability,Spectral_analysis_ability3
Btest_new6,Rec 232,P23,LB1.jpg,0.5416666666666666,1.0,0.16666666666666666,4416.0,0.27898550724637683,0.0040666666666666655,41.465488535311366,18.486842105263158
Btest_new6,Rec 232,P23,LB2.jpg,0.5,1.0,0.08333333333333333,7632.0,0.12683438155136267,0.005141666666666667,40.592529175840546,10.477987421383649
Btest_new6,Rec 232,P23,LB3.jpg,0.625,1.0,6.0,1136.0,0.09507042253521128,0.0065,37.1170168396494,3.849056603773585
Btest_new6,Rec 232,P23,WX1.PNG,0.5555555555555556,1.0,9.222222222222221,4284.0,0.2931839402427638,0.0072,36.18597898063687,11.058823529411764
Btest_new6,Rec 232,P23,WX2.PNG,0.55,1.0,0.3,7520.0,0.1026595744680851,0.00683,34.79178155574676,11.606741573033707
Btest_new6,Rec 232,P23,WX3.PNG,0.5,1.0,0.3333333333333333,1212.0,0.6336633663366337,0.0102,4.455161807964148,4.900990099009901
Btest_new6,Rec 232,P23,GW.PNG,0.5555555555555556,1.0,0.2222222222222222,5616.0,0.12606837606837604,0.005077777777777777,17.732576273010714,9.801282051282053
Btest_new6,Rec 232,P23,GW2.PNG,0.5454545454545454,1.0,0.18181818181818185,7436.0,0.0903711672942442,0.004281818181818183,24.3611481138558,11.83431952662722
Btest_new6,Rec 232,P23,GW3.PNG,0.75,1.0,4.25,3920.0,0.05510204081632653,0.0058249999999999994,4.092017101873635,2.7521008403361344
