StudioTestName,RecordName,ParticipantName,Music_score_reading_completeness,Bass_part_reading_completeness,Left_and_right_hand_integration_ability,all_recommended_time,Rhythmic_stability,bar_difficulty_ave,Visual_stability,Spectral_analysis_ability3
Btest_new3,Rec 245,P24,GW.PNG,0.6666666666666666,0.6666666666666666,8.222222222222221,1044.0,0.3754789272030651,0.005077777777777777,46.987262886377344,3.56
Btest_new3,Rec 245,P24,GW2.PNG,0.5,0.4545454545454545,2.9090909090909087,836.0,0.3875598086124402,0.004281818181818183,81.36824660253966,2.8181818181818183
Btest_new3,Rec 245,P24,GW3.PNG,0.875,0.75,7.0,240.0,1.7833333333333334,0.0058249999999999994,97.31243004592191,0.3809523809523809
Btest_new3,Rec 245,P24,WX1.PNG,1.0,1.0,16.555555555555557,648.0,0.6234567901234568,0.0072,58.633422713434754,17.375
Btest_new3,Rec 245,P24,WX2.PNG,0.65,0.6,23.7,760.0,0.1,0.00683,57.725928603225654,3.111111111111111
Btest_new3,Rec 245,P24,WX3.PNG,1.0,1.0,99.33333333333331,312.0,2.2051282051282053,0.0102,85.43675413063771,14.125
Btest_new3,Rec 245,P24,LB1.jpg,0.75,0.5833333333333334,13.5,1104.0,0.4528985507246377,0.0040666666666666655,87.4420722940568,0.0
Btest_new3,Rec 245,P24,LB2.jpg,0.6666666666666666,0.5833333333333334,10.166666666666666,768.0,0.026041666666666668,0.005141666666666667,21.116702143085714,3.1304347826086962
Btest_new3,Rec 245,P24,LB3.jpg,0.875,0.75,11.75,592.0,0.21621621621621626,0.0065,66.06647110021126,0.12
