StudioTestName,RecordName,ParticipantName,Music_score_reading_completeness,Bass_part_reading_completeness,Left_and_right_hand_integration_ability,all_recommended_time,Rhythmic_stability,bar_difficulty_ave,Visual_stability,Spectral_analysis_ability3
Btest_new6,Rec 235,P23,LB1.jpg,1.0,1.0,13.416666666666664,1680.0,0.6047619047619047,0.0040666666666666655,18.37681902476986,0.5952380952380952
Btest_new6,Rec 235,P23,LB2.jpg,1.0,1.0,10.416666666666666,3696.0,0.14935064935064934,0.005141666666666667,38.30580394776557,5.695652173913044
Btest_new6,Rec 235,P23,LB3.jpg,1.0,1.0,5.0,1328.0,0.4156626506024096,0.0065,31.71369747550573,0.7349397590361446
Btest_new6,Rec 235,P23,WX1.PNG,0.9444444444444444,0.8888888888888888,10.888888888888891,3600.0,0.07888888888888887,0.0072,55.48020426415408,6.2602739726027385
Btest_new6,Rec 235,P23,WX2.PNG,1.0,1.0,15.1,2600.0,0.10307692307692308,0.00683,76.17165684798402,0.8909090909090909
Btest_new6,Rec 235,P23,WX3.PNG,1.0,1.0,9.333333333333334,1260.0,0.13333333333333333,0.0102,93.6585463469453,1.536231884057971
Btest_new6,Rec 235,P23,GW.PNG,0.8888888888888888,0.8888888888888888,10.777777777777779,792.0,0.20707070707070707,0.005077777777777777,94.0554925233212,9.5
Btest_new6,Rec 235,P23,GW2.PNG,0.9090909090909092,0.8181818181818182,15.545454545454545,3916.0,0.21859039836567928,0.004281818181818183,34.2361783540699,4.116279069767442
Btest_new6,Rec 235,P23,GW3.PNG,1.0,1.0,20.25,1584.0,0.1691919191919192,0.0058249999999999994,74.57112904667036,5.261904761904762
