StudioTestName,RecordName,ParticipantName,Music_score_reading_completeness,Bass_part_reading_completeness,Left_and_right_hand_integration_ability,all_recommended_time,Rhythmic_stability,bar_difficulty_ave,Visual_stability,Spectral_analysis_ability3
C test4,Rec 191,P19,FLXNH1.PNG,0.8846153846153846,0.9230769230769232,7.0,2132.0,0.38649155722326456,0.003238461538461539,36.530123944065494,13.5
C test4,Rec 191,P19,FLXNH2.PNG,0.8571428571428571,0.9285714285714286,3.6428571428571432,1624.0,0.7389162561576355,0.002428571428571429,39.656298767523865,13.2
C test4,Rec 191,P19,DTEZXTBB1.PNG,1.0,1.0,6.625,544.0,0.7205882352941176,0.0060750000000000005,41.167748003833935,23.97297297297297
C test4,Rec 191,P19,DTEZXTBB2.PNG,0.9375,0.875,8.0,2880.0,0.11944444444444445,0.005975,38.08698318452157,16.147058823529413
C test4,Rec 191,P19,DTEZXTBB3.PNG,0.8571428571428571,0.7142857142857143,4.857142857142857,1148.0,4.201219512195122,0.006414285714285714,18.58959124234062,24.24375
C test4,Rec 191,P19,LHH1.PNG,0.875,0.8333333333333334,7.25,1536.0,1.28125,0.004900000000000001,46.84103031559217,2.5172413793103448
C test4,Rec 191,P19,LHH2.PNG,0.75,0.5,3.0,1296.0,1.037037037037037,0.00385,62.16371862415895,4.203703703703703
