StudioTestName,RecordName,ParticipantName,singleMediaName,Music_score_reading_completeness,Bass_part_reading_completeness,Left_and_right_hand_integration_ability,all_recommended_time,Rhythmic_stability,bar_difficulty_ave,Visual_stability,Spectral_analysis_ability3
C test5,Rec 145,P14,DTEZXTBB1.PNG,1.0,1.0,5.875,2336.0,0.12157534246575342,0.0060750000000000005,48.050112995740136,4.666666666666667
C test5,Rec 145,P14,DTEZXTBB2.PNG,1.0,1.0,5.625,1696.0,0.12971698113207547,0.005975,22.820440478211,3.0821917808219177
C test5,Rec 145,P14,DTEZXTBB3.PNG,0.8571428571428571,0.8571428571428571,5.285714285714286,2632.0,0.0911854103343465,0.006414285714285714,70.67079098283631,0.8072289156626506
C test5,Rec 145,P14,FLXNH1.PNG,0.9615384615384616,0.9230769230769232,3.7692307692307687,5980.0,0.10033444816053512,0.003238461538461539,35.946414308441604,2.1111111111111107
C test5,Rec 145,P14,FLXNH2.PNG,0.8571428571428571,0.8571428571428571,2.7142857142857144,2632.0,0.1702127659574468,0.002428571428571429,65.68060769249307,13.83673469387755
C test5,Rec 145,P14,LHH1.PNG,0.9583333333333334,0.9166666666666666,3.6666666666666665,1200.0,0.61,0.004900000000000001,48.332525720996884,19.384615384615387
C test5,Rec 145,P14,LHH2.PNG,0.75,0.5,1.0,3696.0,0.18506493506493507,0.00385,49.69370296199278,4.12987012987013
