StudioTestName,RecordName,ParticipantName,Music_score_reading_completeness,Bass_part_reading_completeness,Left_and_right_hand_integration_ability,all_recommended_time,Rhythmic_stability,bar_difficulty_ave,Visual_stability,Spectral_analysis_ability3
C test3,Rec 185,P18,FLXNH1.PNG,0.9615384615384616,1.0,17.384615384615387,2600.0,0.26,0.003238461538461539,57.54890520029778,5.3055555555555545
C test3,Rec 185,P18,FLXNH2.PNG,0.9285714285714286,0.9285714285714286,13.928571428571427,2184.0,0.17582417582417584,0.002428571428571429,66.26004366446209,6.309523809523809
C test3,Rec 185,P18,LHH1.PNG,0.9166666666666666,0.9166666666666666,13.25,1056.0,0.0037878787878787884,0.004900000000000001,73.43218817180659,38.73333333333333
C test3,Rec 185,P18,LHH2.PNG,0.75,0.5,2.6666666666666665,720.0,0.2111111111111111,0.00385,88.6341600729127,4.4
C test3,Rec 185,P18,DTEZXTBB1.PNG,0.625,0.75,6.375,640.0,0.16875,0.0060750000000000005,55.99756218491558,4.909090909090909
C test3,Rec 185,P18,DTEZXTBB2.PNG,0.3125,0.25,0.625,544.0,0.0661764705882353,0.005975,61.50776161297153,2.9444444444444446
C test3,Rec 185,P18,DTEZXTBB3.PNG,0.0,0.0,0.0,0,0,0.006414285714285714,0.0,0
