StudioTestName,RecordName,ParticipantName,singleMediaName,Music_score_reading_completeness,Bass_part_reading_completeness,Left_and_right_hand_integration_ability,all_recommended_time,Rhythmic_stability,bar_difficulty_ave,Visual_stability,Spectral_analysis_ability3
C test5,Rec 152,P15,DTEZXTBB1.PNG,0.625,1.0,10.0,9376.0,0.17107508532423207,0.0060750000000000005,27.794369204325925,7.669322709163348
C test5,Rec 152,P15,DTEZXTBB2.PNG,0.75,1.0,0.875,3808.0,0.014705882352941175,0.005975,67.60507132240289,8.974358974358974
C test5,Rec 152,P15,DTEZXTBB3.PNG,0.5,0.7142857142857143,0.42857142857142855,2100.0,0.4533333333333333,0.006414285714285714,54.82572497795432,10.015151515151516
C test5,Rec 152,P15,FLXNH1.PNG,0.6153846153846154,1.0,3.7692307692307687,9828.0,0.03744403744403745,0.003238461538461539,32.98800780127407,15.281879194630873
C test5,Rec 152,P15,FLXNH2.PNG,0.5,0.8571428571428571,0.21428571428571427,9184.0,0.03266550522648084,0.002428571428571429,81.486119074228,14.895424836601308
C test5,Rec 152,P15,LHH1.PNG,0.75,0.9166666666666666,4.666666666666667,7200.0,0.02555555555555556,0.004900000000000001,53.382660990543144,10.1340206185567
C test5,Rec 152,P15,LHH2.PNG,0.4166666666666667,0.3333333333333333,1.3333333333333333,7800.0,0.05435897435897436,0.00385,53.820444582249635,2.2276923076923083
