StudioTestName,RecordName,ParticipantName,singleMediaName,Music_score_reading_completeness,Bass_part_reading_completeness,Left_and_right_hand_integration_ability,all_recommended_time,Rhythmic_stability,bar_difficulty_ave,Visual_stability,Spectral_analysis_ability3
C test3,Rec 183,P18,FLXNH1.PNG,1.0,1.0,9.0,1924.0,1.4573804573804574,0.003238461538461539,54.150156091079104,3.254237288135593
C test3,Rec 183,P18,FLXNH2.PNG,0.75,0.6428571428571429,4.142857142857143,1624.0,0.1477832512315271,0.002428571428571429,53.29481935719925,21.681818181818183
C test3,Rec 183,P18,LHH1.PNG,0.2916666666666667,0.16666666666666666,0.8333333333333334,1056.0,0.4318181818181818,0.004900000000000001,66.43331450393836,7.384615384615384
C test3,Rec 183,P18,LHH2.PNG,0.08333333333333333,0.0,0.16666666666666666,2376.0,0.8333333333333334,0.00385,88.88943863645208,1.0
C test3,Rec 183,P18,DTEZXTBB1.PNG,0.25,0.125,0.75,512.0,0.25,0.0060750000000000005,74.29936363853082,2.488372093023256
C test3,Rec 183,P18,DTEZXTBB2.PNG,0.125,0.0,0.125,2144.0,0.7947761194029851,0.005975,54.11510798275332,1.6417910447761197
C test3,Rec 183,P18,DTEZXTBB3.PNG,0.5,0.42857142857142855,1.7142857142857142,868.0,0.4608294930875576,0.006414285714285714,71.58314824114997,0.2727272727272727
