StudioTestName,RecordName,ParticipantName,Music_score_reading_completeness,Bass_part_reading_completeness,Left_and_right_hand_integration_ability,all_recommended_time,Rhythmic_stability,bar_difficulty_ave,Visual_stability,Spectral_analysis_ability3
C test6,Rec 202,P20,DTEZXTBB1.PNG,0.8125,1.0,16.375,1408.0,0.4204545454545455,0.0060750000000000005,63.97176981477975,12.222222222222221
C test6,Rec 202,P20,DTEZXTBB2.PNG,0.8125,1.0,15.5,736.0,0.31521739130434784,0.005975,49.797836274109386,14.769230769230768
C test6,Rec 202,P20,DTEZXTBB3.PNG,0.7142857142857143,1.0,2.4285714285714284,168.0,6.809523809523809,0.006414285714285714,53.756436965027724,23.58333333333333
C test6,Rec 202,P20,LHH1.PNG,0.7916666666666666,1.0,8.5,1872.0,0.03205128205128205,0.004900000000000001,34.879695660621465,10.84
C test6,Rec 202,P20,LHH2.PNG,0.75,0.8333333333333334,3.5,192.0,3.083333333333333,0.00385,56.54544502522321,6.463414634146342
C test6,Rec 202,P20,FLXNH1.PNG,0.7307692307692307,1.0,1.3846153846153846,1924.0,0.10187110187110188,0.003238461538461539,55.37171682097022,16.347826086956523
C test6,Rec 202,P20,FLXNH2.PNG,0.6785714285714286,1.0,7.642857142857142,2576.0,0.2406832298136646,0.002428571428571429,46.126110880300686,28.57692307692308
