StudioTestName,RecordName,ParticipantName,Music_score_reading_completeness,Bass_part_reading_completeness,Left_and_right_hand_integration_ability,all_recommended_time,Rhythmic_stability,bar_difficulty_ave,Visual_stability,Spectral_analysis_ability3
C test5,Rec 114,P11,DTEZXTBB1.PNG,0.625,1.0,0.375,3136.0,0.09566326530612244,0.0060750000000000005,42.93294455807138,9.91764705882353
C test5,Rec 114,P11,DTEZXTBB2.PNG,0.625,0.875,3.5,6240.0,0.21346153846153845,0.005975,9.900243805705657,7.72972972972973
C test5,Rec 114,P11,DTEZXTBB3.PNG,0.5,0.8571428571428571,0.42857142857142855,1428.0,1.1400560224089635,0.006414285714285714,65.69329679961653,14.745098039215687
C test5,Rec 114,P11,FLXNH1.PNG,0.5,0.9230769230769232,0.15384615384615385,2444.0,0.5941080196399345,0.003238461538461539,46.452509435342925,27.485714285714284
C test5,Rec 114,P11,FLXNH2.PNG,0.5357142857142857,0.8571428571428571,0.2857142857142857,2296.0,0.24390243902439024,0.002428571428571429,65.97644524885719,19.428571428571427
C test5,Rec 114,P11,LHH1.PNG,0.375,0.75,0.08333333333333333,3792.0,0.013713080168776372,0.004900000000000001,57.138080245203064,11.835443037974686
C test5,Rec 114,P11,LHH2.PNG,0.6666666666666666,0.8333333333333334,1.6666666666666667,2712.0,1.3477138643067847,0.00385,66.62383702863812,10.652654867256636
