StudioTestName,RecordName,ParticipantName,Music_score_reading_completeness,Bass_part_reading_completeness,Left_and_right_hand_integration_ability,all_recommended_time,Rhythmic_stability,bar_difficulty_ave,Visual_stability,Spectral_analysis_ability3
C test3,Rec 182,P18,FLXNH1.PNG,0.7307692307692307,1.0,12.230769230769232,3536.0,1.004524886877828,0.003238461538461539,49.899316330071024,23.63076923076923
C test3,Rec 182,P18,FLXNH2.PNG,0.7857142857142857,0.8571428571428571,21.214285714285715,1288.0,1.2546583850931676,0.002428571428571429,48.89378421723488,23.66666666666667
C test3,Rec 182,P18,LHH1.PNG,0.625,0.6666666666666666,3.9166666666666665,1440.0,0.5055555555555555,0.004900000000000001,45.78439792215699,9.382352941176473
C test3,Rec 182,P18,LHH2.PNG,0.4166666666666667,0.5,1.3333333333333333,528.0,0.1590909090909091,0.00385,58.56887282258428,0.2272727272727273
C test3,Rec 182,P18,DTEZXTBB1.PNG,0.1875,0.125,0.875,2176.0,0.8161764705882353,0.0060750000000000005,74.68969776012081,1.6176470588235294
C test3,Rec 182,P18,DTEZXTBB2.PNG,0.5,0.5,1.625,704.0,0.23863636363636365,0.005975,80.23633040459771,0.9583333333333334
C test3,Rec 182,P18,DTEZXTBB3.PNG,0.5,0.42857142857142855,1.2857142857142858,420.0,1.0380952380952382,0.006414285714285714,55.40590057688565,14.272727272727273
