StudioTestName,RecordName,ParticipantName,singleMediaName,Music_score_reading_completeness,Bass_part_reading_completeness,Left_and_right_hand_integration_ability,all_recommended_time,Rhythmic_stability,bar_difficulty_ave,Visual_stability,Spectral_analysis_ability3
C test5,Rec 134,P13,DTEZXTBB1.PNG,0.625,1.0,0.375,2624.0,0.2698170731707317,0.0060750000000000005,48.52514794228999,10.4
C test5,Rec 134,P13,DTEZXTBB2.PNG,0.5625,1.0,0.5,2048.0,0.51953125,0.005975,30.023502145188022,13.785714285714285
C test5,Rec 134,P13,DTEZXTBB3.PNG,0.5,0.7142857142857143,0.5714285714285714,2464.0,0.15097402597402598,0.006414285714285714,62.73528406748324,9.977272727272727
C test5,Rec 134,P13,FLXNH1.PNG,0.4230769230769231,0.7692307692307693,0.15384615384615385,4784.0,0.020066889632107024,0.003238461538461539,31.593614006922483,12.152173913043477
C test5,Rec 134,P13,FLXNH2.PNG,0.5,0.6428571428571429,0.5,2744.0,0.2536443148688047,0.002428571428571429,51.80341532896576,13.428571428571427
C test5,Rec 134,P13,LHH1.PNG,0.5,0.9166666666666666,2.5,2832.0,0.5508474576271186,0.004900000000000001,70.41434963440491,17.796610169491522
C test5,Rec 134,P13,LHH2.PNG,0.5,0.6666666666666666,2.0,1272.0,0.9842767295597484,0.00385,42.689081576374356,8.696428571428571
