StudioTestName,RecordName,ParticipantName,Music_score_reading_completeness,Bass_part_reading_completeness,Left_and_right_hand_integration_ability,all_recommended_time,Rhythmic_stability,bar_difficulty_ave,Visual_stability,Spectral_analysis_ability3
C test5,Rec 143,P14,DTEZXTBB1.PNG,0.875,0.75,2.5,672.0,0.6428571428571429,0.0060750000000000005,82.45383264492409,3.4545454545454546
C test5,Rec 143,P14,DTEZXTBB2.PNG,0.875,0.875,3.625,1632.0,0.08088235294117647,0.005975,82.57142108861399,2.0851063829787235
C test5,Rec 143,P14,DTEZXTBB3.PNG,0.7857142857142857,0.7142857142857143,3.571428571428572,952.0,0.8193277310924371,0.006414285714285714,84.40322346724234,1.6764705882352942
C test5,Rec 143,P14,FLXNH1.PNG,0.8076923076923077,0.7692307692307693,1.4615384615384617,1352.0,0.15384615384615385,0.003238461538461539,55.963216244451104,17.285714285714285
C test5,Rec 143,P14,FLXNH2.PNG,0.6785714285714286,0.5,2.4285714285714284,4760.0,0.0680672268907563,0.002428571428571429,47.397624387751655,4.830508474576272
C test5,Rec 143,P14,LHH1.PNG,0.9166666666666666,0.8333333333333334,2.333333333333333,1152.0,0.24305555555555555,0.004900000000000001,54.89071170278139,34.413793103448285
C test5,Rec 143,P14,LHH2.PNG,0.5,0.3333333333333333,0.5,672.0,0.2976190476190476,0.00385,57.67090899483517,5.0
