StudioTestName,RecordName,ParticipantName,Music_score_reading_completeness,Bass_part_reading_completeness,Left_and_right_hand_integration_ability,all_recommended_time,Rhythmic_stability,bar_difficulty_ave,Visual_stability,Spectral_analysis_ability3
C test6,Rec 201,P20,DTEZXTBB1.PNG,1.0,1.0,6.75,928.0,0.5948275862068966,0.0060750000000000005,53.786613720982224,2.3
C test6,Rec 201,P20,DTEZXTBB2.PNG,1.0,1.0,7.5,704.0,0.2272727272727273,0.005975,50.143872457087056,18.48275862068965
C test6,Rec 201,P20,DTEZXTBB3.PNG,1.0,1.0,6.571428571428571,868.0,0.2258064516129032,0.006414285714285714,55.76550288298958,6.433333333333334
C test6,Rec 201,P20,LHH1.PNG,1.0,1.0,4.083333333333333,720.0,1.6722222222222225,0.004900000000000001,21.346219961562078,11.615384615384615
C test6,Rec 201,P20,LHH2.PNG,0.8333333333333334,0.6666666666666666,3.6666666666666665,264.0,0.3636363636363637,0.00385,68.73362064052964,8.653846153846152
C test6,Rec 201,P20,FLXNH1.PNG,1.0,1.0,5.538461538461538,936.0,0.6068376068376068,0.003238461538461539,46.99496368474719,14.076923076923075
C test6,Rec 201,P20,FLXNH2.PNG,0.9642857142857144,0.9285714285714286,7.2142857142857135,616.0,1.9675324675324677,0.002428571428571429,58.561170635046395,14.977272727272727
