StudioTestName,RecordName,ParticipantName,Music_score_reading_completeness,Bass_part_reading_completeness,Left_and_right_hand_integration_ability,all_recommended_time,Rhythmic_stability,bar_difficulty_ave,Visual_stability,Spectral_analysis_ability3
C test5,Rec 135,P13,DTEZXTBB1.PNG,0.875,1.0,2.25,2944.0,0.21603260869565216,0.0060750000000000005,6.5531813496722044,2.0114942528735638
C test5,Rec 135,P13,DTEZXTBB2.PNG,0.75,1.0,2.5,1696.0,0.14858490566037735,0.005975,32.16312941586623,3.019607843137255
C test5,Rec 135,P13,DTEZXTBB3.PNG,0.8571428571428571,1.0,3.2857142857142856,1624.0,0.5443349753694581,0.006414285714285714,47.94379712611988,2.3258426966292136
C test5,Rec 135,P13,FLXNH1.PNG,0.6538461538461539,1.0,0.8461538461538461,4368.0,0.35622710622710624,0.003238461538461539,45.413193143314565,15.578313253012047
C test5,Rec 135,P13,FLXNH2.PNG,0.6428571428571429,0.8571428571428571,1.5714285714285714,3640.0,0.031868131868131866,0.002428571428571429,53.44929586429394,9.153846153846152
C test5,Rec 135,P13,LHH1.PNG,0.9583333333333334,1.0,5.75,3408.0,0.15140845070422534,0.004900000000000001,56.79506555354047,1.0
C test5,Rec 135,P13,LHH2.PNG,0.8333333333333334,0.8333333333333334,3.6666666666666665,2616.0,0.1620795107033639,0.00385,82.29353214868938,2.26605504587156
