StudioTestName,RecordName,ParticipantName,Music_score_reading_completeness,Bass_part_reading_completeness,Left_and_right_hand_integration_ability,all_recommended_time,Rhythmic_stability,bar_difficulty_ave,Visual_stability,Spectral_analysis_ability3
C test5,Rec 142,P14,DTEZXTBB1.PNG,0.5625,1.0,0.25,2272.0,0.3063380281690141,0.0060750000000000005,53.30165755477003,13.089285714285715
C test5,Rec 142,P14,DTEZXTBB2.PNG,0.625,0.875,0.5,2048.0,0.9375,0.005975,73.61692388040439,13.734375
C test5,Rec 142,P14,DTEZXTBB3.PNG,0.6428571428571429,1.0,0.5714285714285714,3612.0,0.1638981173864895,0.006414285714285714,35.920457140121265,6.5212765957446805
C test5,Rec 142,P14,FLXNH1.PNG,0.5384615384615384,0.9230769230769232,0.2307692307692308,3276.0,0.006105006105006105,0.003238461538461539,46.928051149003714,11.142857142857142
C test5,Rec 142,P14,FLXNH2.PNG,0.5357142857142857,0.7857142857142857,0.5,5544.0,0.011544011544011544,0.002428571428571429,48.14081104724414,14.0
C test5,Rec 142,P14,LHH1.PNG,0.625,0.9166666666666666,6.666666666666668,3120.0,0.04615384615384616,0.004900000000000001,37.29741381635904,13.23404255319149
C test5,Rec 142,P14,LHH2.PNG,0.8333333333333334,0.6666666666666666,5.833333333333332,1080.0,0.1814814814814815,0.00385,61.794283879220686,1.75
