StudioTestName,RecordName,ParticipantName,Music_score_reading_completeness,Bass_part_reading_completeness,Left_and_right_hand_integration_ability,all_recommended_time,Rhythmic_stability,bar_difficulty_ave,Visual_stability,Spectral_analysis_ability3
C test5,Rec 122,P12,DTEZXTBB1.PNG,0.8125,1.0,9.375,4064.0,0.018700787401574805,0.0060750000000000005,36.851005665993966,13.539682539682538
C test5,Rec 122,P12,DTEZXTBB2.PNG,0.6875,1.0,1.375,3776.0,0.07838983050847458,0.005975,44.290852256367664,17.296296296296298
C test5,Rec 122,P12,DTEZXTBB3.PNG,0.6428571428571429,0.7142857142857143,9.285714285714286,728.0,0.24175824175824176,0.006414285714285714,65.63169735703423,4.9230769230769225
C test5,Rec 122,P12,FLXNH1.PNG,0.7307692307692307,1.0,4.9230769230769225,3016.0,0.2917771883289125,0.003238461538461539,30.776647373989274,19.567567567567572
C test5,Rec 122,P12,FLXNH2.PNG,0.5357142857142857,0.8571428571428571,0.42857142857142855,616.0,4.188311688311687,0.002428571428571429,57.13450213274528,44.8
C test5,Rec 122,P12,LHH1.PNG,0.5833333333333334,0.8333333333333334,0.4166666666666667,2784.0,0.7859195402298851,0.004900000000000001,42.685922103247535,18.473684210526315
C test5,Rec 122,P12,LHH2.PNG,0.5,0.3333333333333333,1.3333333333333333,2040.0,1.1705882352941177,0.00385,53.71951680778848,11.2
