StudioTestName,RecordName,ParticipantName,singleMediaName,Music_score_reading_completeness,Bass_part_reading_completeness,Left_and_right_hand_integration_ability,all_recommended_time,Rhythmic_stability,bar_difficulty_ave,Visual_stability,Spectral_analysis_ability3
C test5,Rec 125,P12,DTEZXTBB1.PNG,0.9375,1.0,5.125,1984.0,0.016129032258064516,0.0060750000000000005,45.32172714488114,8.796296296296298
C test5,Rec 125,P12,DTEZXTBB2.PNG,0.875,0.875,2.375,1184.0,0.2364864864864865,0.005975,82.85596740678164,3.8333333333333335
C test5,Rec 125,P12,DTEZXTBB3.PNG,0.7142857142857143,0.7142857142857143,1.5714285714285714,2576.0,0.2950310559006211,0.006414285714285714,61.3309564934571,0.8913043478260869
C test5,Rec 125,P12,FLXNH1.PNG,0.9230769230769232,0.8461538461538461,1.9230769230769231,1924.0,0.7027027027027027,0.003238461538461539,34.77409959703465,15.0
C test5,Rec 125,P12,FLXNH2.PNG,0.75,0.7142857142857143,2.2857142857142856,4144.0,0.0859073359073359,0.002428571428571429,43.653191681979706,1.8705882352941177
C test5,Rec 125,P12,LHH1.PNG,0.875,0.75,2.75,3696.0,1.1739718614718615,0.004900000000000001,36.1074151150143,26.152597402597397
C test5,Rec 125,P12,LHH2.PNG,0.6666666666666666,0.6666666666666666,1.3333333333333333,360.0,0.9333333333333332,0.00385,62.75073819707315,2.489795918367347
