StudioTestName,RecordName,ParticipantName,Music_score_reading_completeness,Bass_part_reading_completeness,Left_and_right_hand_integration_ability,all_recommended_time,Rhythmic_stability,bar_difficulty_ave,Visual_stability,Spectral_analysis_ability3
C test5,Rec 144,P14,DTEZXTBB1.PNG,0.5,1.0,0.125,3552.0,0.1768018018018018,0.0060750000000000005,41.59254685508355,9.414414414414416
C test5,Rec 144,P14,DTEZXTBB2.PNG,0.8125,1.0,10.125,2432.0,0.5460526315789473,0.005975,44.83496043316222,13.89090909090909
C test5,Rec 144,P14,DTEZXTBB3.PNG,0.5,0.8571428571428571,1.2857142857142858,2520.0,0.0,0.006414285714285714,60.6672201324806,7.8734177215189876
C test5,Rec 144,P14,FLXNH1.PNG,0.6538461538461539,1.0,6.615384615384616,3744.0,0.33760683760683763,0.003238461538461539,38.77122369150805,15.492753623188404
C test5,Rec 144,P14,FLXNH2.PNG,0.6071428571428571,0.9285714285714286,0.42857142857142855,7560.0,0.062433862433862425,0.002428571428571429,58.960655543487405,24.507246376811594
C test5,Rec 144,P14,LHH1.PNG,0.75,1.0,6.416666666666668,2448.0,0.10947712418300654,0.004900000000000001,58.968583371397145,6.758620689655173
C test5,Rec 144,P14,LHH2.PNG,0.5833333333333334,0.6666666666666666,2.5,1512.0,0.002645502645502645,0.00385,36.88926592285095,5.206349206349207
