StudioTestName,RecordName,ParticipantName,Music_score_reading_completeness,Bass_part_reading_completeness,Left_and_right_hand_integration_ability,all_recommended_time,Rhythmic_stability,bar_difficulty_ave,Visual_stability,Spectral_analysis_ability3
C test5,Rec 141,P14,DTEZXTBB1.PNG,0.9375,0.875,1.75,2304.0,0.2604166666666667,0.0060750000000000005,42.27878942097485,1.4084507042253518
C test5,Rec 141,P14,DTEZXTBB2.PNG,0.75,0.5,1.125,2336.0,0.0821917808219178,0.005975,23.866934141350786,7.2875
C test5,Rec 141,P14,DTEZXTBB3.PNG,0.6428571428571429,0.42857142857142855,1.5714285714285714,1708.0,0.07259953161592506,0.006414285714285714,46.107563177841406,9.244444444444444
C test5,Rec 141,P14,FLXNH1.PNG,0.9615384615384616,0.9230769230769232,2.3076923076923075,2600.0,0.5030769230769231,0.003238461538461539,42.48016827240363,6.24
C test5,Rec 141,P14,FLXNH2.PNG,0.6785714285714286,0.5714285714285714,1.0714285714285714,1512.0,0.22486772486772488,0.002428571428571429,67.74154674033778,14.636363636363635
C test5,Rec 141,P14,LHH1.PNG,0.8333333333333334,0.6666666666666666,1.5833333333333333,816.0,1.6274509803921569,0.004900000000000001,52.58761967213439,19.133333333333333
C test5,Rec 141,P14,LHH2.PNG,0.5833333333333334,0.16666666666666666,1.0,2208.0,0.05615942028985507,0.00385,32.74654012266284,8.241935483870968
