StudioTestName,RecordName,ParticipantName,singleMediaName,Music_score_reading_completeness,Bass_part_reading_completeness,Left_and_right_hand_integration_ability,all_recommended_time,Rhythmic_stability,bar_difficulty_ave,Visual_stability,Spectral_analysis_ability3
C test4,Rec 192,P19,FLXNH1.PNG,0.6153846153846154,0.8461538461538461,10.769230769230768,3276.0,1.0598290598290598,0.003238461538461539,37.303458786703466,42.60526315789474
C test4,Rec 192,P19,FLXNH2.PNG,0.6785714285714286,0.8571428571428571,1.2142857142857142,1400.0,0.5085714285714286,0.002428571428571429,50.92062943751277,14.68
C test4,Rec 192,P19,DTEZXTBB1.PNG,0.75,1.0,2.125,1280.0,0.125,0.0060750000000000005,42.4805990682129,1.945945945945946
C test4,Rec 192,P19,DTEZXTBB2.PNG,0.9375,1.0,35.5,1376.0,0.4273255813953488,0.005975,52.421840208419496,3.069767441860465
C test4,Rec 192,P19,DTEZXTBB3.PNG,0.7142857142857143,0.8571428571428571,2.4285714285714284,532.0,0.2556390977443609,0.006414285714285714,16.320309987951177,0.3157894736842105
C test4,Rec 192,P19,LHH1.PNG,0.625,1.0,8.75,3312.0,0.5531400966183575,0.004900000000000001,38.391925689391606,17.96923076923077
C test4,Rec 192,P19,LHH2.PNG,0.6666666666666666,0.8333333333333334,4.0,1440.0,0.4805555555555556,0.00385,90.36971446555368,5.283333333333333
