StudioTestName,RecordName,ParticipantName,singleMediaName,Music_score_reading_completeness,Bass_part_reading_completeness,Left_and_right_hand_integration_ability,all_recommended_time,Rhythmic_stability,bar_difficulty_ave,Visual_stability,Spectral_analysis_ability3
C test5,Rec 133,P13,DTEZXTBB1.PNG,0.9375,1.0,3.875,1632.0,0.4583333333333333,0.0060750000000000005,43.82405497526467,7.857142857142858
C test5,Rec 133,P13,DTEZXTBB2.PNG,1.0,1.0,5.25,1600.0,0.2825,0.005975,31.685281174413646,3.9270833333333335
C test5,Rec 133,P13,DTEZXTBB3.PNG,0.7142857142857143,0.8571428571428571,2.7142857142857144,1820.0,0.13406593406593406,0.006414285714285714,70.32501878870096,2.4387755102040822
C test5,Rec 133,P13,FLXNH1.PNG,0.6153846153846154,0.9230769230769232,3.7692307692307687,5772.0,0.18572418572418573,0.003238461538461539,48.283863686601045,12.927927927927929
C test5,Rec 133,P13,FLXNH2.PNG,0.6785714285714286,0.7857142857142857,1.7857142857142858,3752.0,0.011727078891257995,0.002428571428571429,48.69647745134046,1.0
C test5,Rec 133,P13,LHH1.PNG,0.9583333333333334,1.0,2.75,1728.0,2.0625,0.004900000000000001,42.72131817663279,10.472222222222221
C test5,Rec 133,P13,LHH2.PNG,0.6666666666666666,0.3333333333333333,1.5,5784.0,0.2738589211618257,0.00385,48.337076179236476,4.821576763485476
