StudioTestName,RecordName,ParticipantName,Music_score_reading_completeness,Bass_part_reading_completeness,Left_and_right_hand_integration_ability,all_recommended_time,Rhythmic_stability,bar_difficulty_ave,Visual_stability,Spectral_analysis_ability3
C test5,Rec 154,P15,DTEZXTBB1.PNG,0.6875,1.0,8.0,3744.0,0.10256410256410256,0.0060750000000000005,20.05521016863618,12.579710144927535
C test5,Rec 154,P15,DTEZXTBB2.PNG,0.625,1.0,0.5,7776.0,0.27211934156378603,0.005975,34.117114849439226,8.782894736842103
C test5,Rec 154,P15,DTEZXTBB3.PNG,0.5714285714285714,0.7142857142857143,0.8571428571428571,1400.0,1.2628571428571431,0.006414285714285714,58.93333232542616,8.84
C test5,Rec 154,P15,FLXNH1.PNG,0.5,1.0,0.07692307692307693,10504.0,0.02856054836252856,0.003238461538461539,33.036074376169665,13.371287128712874
C test5,Rec 154,P15,FLXNH2.PNG,0.6071428571428571,0.9285714285714286,0.6428571428571429,8064.0,0.0615079365079365,0.002428571428571429,41.466983448489096,21.132530120481924
C test5,Rec 154,P15,LHH1.PNG,0.625,0.9166666666666666,4.583333333333333,2160.0,0.4259259259259259,0.004900000000000001,44.146254156761046,14.136363636363635
C test5,Rec 154,P15,LHH2.PNG,0.5833333333333334,0.6666666666666666,2.0,864.0,1.1666666666666667,0.00385,44.72694640134364,25.546052631578952
