StudioTestName,RecordName,ParticipantName,Music_score_reading_completeness,Bass_part_reading_completeness,Left_and_right_hand_integration_ability,all_recommended_time,Rhythmic_stability,bar_difficulty_ave,Visual_stability,Spectral_analysis_ability3
C test5,Rec 151,P15,DTEZXTBB1.PNG,0.8125,0.625,1.25,2720.0,0.425,0.0060750000000000005,41.57788737592125,16.1864406779661
C test5,Rec 151,P15,DTEZXTBB2.PNG,0.8125,0.625,1.375,2720.0,0.3705882352941177,0.005975,51.328172897247285,14.247787610619467
C test5,Rec 151,P15,DTEZXTBB3.PNG,0.5714285714285714,0.42857142857142855,0.8571428571428571,308.0,9.168831168831169,0.006414285714285714,56.156457491084225,7.877697841726619
C test5,Rec 151,P15,FLXNH1.PNG,0.6153846153846154,0.2307692307692308,0.38461538461538464,10972.0,0.06817353262850892,0.003238461538461539,55.438923378676,15.128472222222221
C test5,Rec 151,P15,FLXNH2.PNG,0.6071428571428571,0.35714285714285715,0.5,5600.0,0.047142857142857146,0.002428571428571429,41.14337601090636,10.6
C test5,Rec 151,P15,LHH1.PNG,0.7083333333333334,0.4166666666666667,0.8333333333333334,8448.0,0.5620265151515151,0.004900000000000001,48.90436668046627,31.841503267973856
C test5,Rec 151,P15,LHH2.PNG,0.5833333333333334,0.16666666666666666,0.3333333333333333,5760.0,0.26666666666666666,0.00385,56.45364152018134,5.607929515418502
