StudioTestName,RecordName,ParticipantName,singleMediaName,Music_score_reading_completeness,Bass_part_reading_completeness,Left_and_right_hand_integration_ability,all_recommended_time,Rhythmic_stability,bar_difficulty_ave,Visual_stability,Spectral_analysis_ability3
C test5,Rec 153,P15,DTEZXTBB1.PNG,0.875,0.75,1.875,352.0,6.375,0.0060750000000000005,52.32780017127296,28.105263157894736
C test5,Rec 153,P15,DTEZXTBB2.PNG,0.8125,0.625,1.125,2528.0,0.3180379746835443,0.005975,17.99736845513834,15.113924050632914
C test5,Rec 153,P15,DTEZXTBB3.PNG,0.5714285714285714,0.42857142857142855,0.7142857142857143,1456.0,0.09065934065934066,0.006414285714285714,56.688383647720975,6.97872340425532
C test5,Rec 153,P15,FLXNH1.PNG,0.8846153846153846,0.7692307692307693,2.0,312.0,14.564102564102564,0.003238461538461539,76.34418554646612,39.60377358490566
C test5,Rec 153,P15,FLXNH2.PNG,0.6071428571428571,0.42857142857142855,0.7857142857142857,4312.0,0.12430426716141002,0.002428571428571429,52.793327267630005,9.887931034482758
C test5,Rec 153,P15,LHH1.PNG,0.375,0.16666666666666666,0.5,9408.0,0.3630952380952381,0.004900000000000001,30.48789304729186,10.906887755102039
C test5,Rec 153,P15,LHH2.PNG,0.6666666666666666,0.3333333333333333,0.6666666666666666,3552.0,0.06756756756756757,0.00385,57.583497301830995,6.233695652173912
