StudioTestName,RecordName,ParticipantName,Music_score_reading_completeness,Bass_part_reading_completeness,Left_and_right_hand_integration_ability,all_recommended_time,Rhythmic_stability,bar_difficulty_ave,Visual_stability,Spectral_analysis_ability3
C test5,Rec 123,P12,DTEZXTBB1.PNG,0.75,0.5,1.375,1312.0,1.4085365853658536,0.0060750000000000005,44.35975201816733,25.146341463414632
C test5,Rec 123,P12,DTEZXTBB2.PNG,0.8125,0.625,1.375,672.0,1.0297619047619049,0.005975,76.37769266157268,29.619047619047624
C test5,Rec 123,P12,DTEZXTBB3.PNG,0.7142857142857143,0.5714285714285714,0.8571428571428571,812.0,0.270935960591133,0.006414285714285714,96.1745725657058,14.9375
C test5,Rec 123,P12,FLXNH1.PNG,0.8461538461538461,0.6923076923076923,1.3076923076923077,728.0,3.978021978021978,0.003238461538461539,48.665171184976224,38.80645161290322
C test5,Rec 123,P12,FLXNH2.PNG,0.6071428571428571,0.35714285714285715,0.42857142857142855,2520.0,0.6936507936507936,0.002428571428571429,60.204911542724936,5.777777777777778
C test5,Rec 123,P12,LHH1.PNG,0.7083333333333334,0.4166666666666667,0.5,1440.0,2.0527777777777776,0.004900000000000001,43.82566912525153,36.23404255319149
C test5,Rec 123,P12,LHH2.PNG,0.6666666666666666,0.3333333333333333,0.5,1992.0,0.09236947791164657,0.00385,28.753903187061514,9.666666666666666
