StudioTestName,RecordName,ParticipantName,Music_score_reading_completeness,Bass_part_reading_completeness,Left_and_right_hand_integration_ability,all_recommended_time,Rhythmic_stability,bar_difficulty_ave,Visual_stability,Spectral_analysis_ability3
C test6,Rec 205,P20,DTEZXTBB1.PNG,1.0,1.0,29.25,672.0,1.0476190476190477,0.0060750000000000005,52.306566347444296,3.523809523809524
C test6,Rec 205,P20,DTEZXTBB2.PNG,1.0,1.0,23.375,992.0,0.13709677419354838,0.005975,64.69021595981792,3.9032258064516134
C test6,Rec 205,P20,DTEZXTBB3.PNG,1.0,1.0,22.57142857142857,616.0,0.34415584415584416,0.006414285714285714,60.189922440916654,7.5555555555555545
C test6,Rec 205,P20,LHH1.PNG,1.0,1.0,12.583333333333336,816.0,0.05882352941176471,0.004900000000000001,65.80997697389908,22.944444444444446
C test6,Rec 205,P20,LHH2.PNG,0.9166666666666666,0.8333333333333334,6.166666666666668,1464.0,0.1174863387978142,0.00385,37.28866656813445,2.260869565217391
C test6,Rec 205,P20,FLXNH1.PNG,1.0,1.0,10.615384615384617,2704.0,0.07100591715976333,0.003238461538461539,70.42591322733941,5.9361702127659575
C test6,Rec 205,P20,FLXNH2.PNG,0.9642857142857144,1.0,12.357142857142858,1736.0,0.3594470046082949,0.002428571428571429,44.7866394103998,10.682926829268293
