StudioTestName,RecordName,ParticipantName,singleMediaName,Music_score_reading_completeness,Bass_part_reading_completeness,Left_and_right_hand_integration_ability,all_recommended_time,Rhythmic_stability,bar_difficulty_ave,Visual_stability,Spectral_analysis_ability3
C test5,Rec 131,P13,DTEZXTBB1.PNG,0.6875,0.375,0.625,7808.0,0.1567622950819672,0.0060750000000000005,60.183055042748926,6.036231884057972
C test5,Rec 131,P13,DTEZXTBB2.PNG,0.8125,0.625,1.75,3808.0,0.1722689075630252,0.005975,26.83203407773564,6.12
C test5,Rec 131,P13,DTEZXTBB3.PNG,0.8571428571428571,0.8571428571428571,2.4285714285714284,700.0,0.3142857142857143,0.006414285714285714,76.80837127981361,8.532608695652174
C test5,Rec 131,P13,FLXNH1.PNG,0.7692307692307693,0.8461538461538461,2.1538461538461537,6448.0,0.04032258064516129,0.003238461538461539,43.976058748995435,2.1825396825396823
C test5,Rec 131,P13,FLXNH2.PNG,0.7142857142857143,0.7142857142857143,1.7857142857142858,3024.0,0.11772486772486772,0.002428571428571429,59.370355518006114,0.28125
C test5,Rec 131,P13,LHH1.PNG,0.9166666666666666,0.9166666666666666,2.25,1536.0,0.4375,0.004900000000000001,44.22551728803485,50.91554054054054
C test5,Rec 131,P13,LHH2.PNG,0.8333333333333334,0.6666666666666666,2.0,1032.0,0.5503875968992248,0.00385,27.0144459786278,4.382352941176471
