StudioTestName,RecordName,ParticipantName,singleMediaName,Music_score_reading_completeness,Bass_part_reading_completeness,Left_and_right_hand_integration_ability,all_recommended_time,Rhythmic_stability,bar_difficulty_ave,Visual_stability,Spectral_analysis_ability3
C test4,Rec 212,P21,FLXNH1.PNG,0.6538461538461539,1.0,5.846153846153847,5824.0,0.3125,0.003238461538461539,31.10490128736082,29.05
C test4,Rec 212,P21,FLXNH2.PNG,0.6071428571428571,0.8571428571428571,6.2142857142857135,3416.0,0.5737704918032787,0.002428571428571429,48.0785744512349,26.90697674418605
C test4,Rec 212,P21,DTEZXTBB1.PNG,0.6875,1.0,8.625,6080.0,0.21578947368421053,0.0060750000000000005,17.46897655067065,20.160714285714285
C test4,Rec 212,P21,DTEZXTBB2.PNG,0.625,1.0,0.625,4032.0,0.10813492063492064,0.005975,16.143126612258314,7.893203883495145
C test4,Rec 212,P21,DTEZXTBB3.PNG,0.6428571428571429,1.0,0.5714285714285714,3388.0,0.09327036599763873,0.006414285714285714,84.1398863287874,7.1224489795918355
C test4,Rec 212,P21,LHH1.PNG,0.7083333333333334,1.0,8.583333333333334,5760.0,0.021527777777777774,0.004900000000000001,46.3808552902814,8.464912280701755
C test4,Rec 212,P21,LHH2.PNG,0.5,0.5,2.1666666666666665,5160.0,0.29224806201550385,0.00385,59.613325858164025,1.2
