StudioTestName,RecordName,ParticipantName,singleMediaName,Music_score_reading_completeness,Bass_part_reading_completeness,Left_and_right_hand_integration_ability,all_recommended_time,Rhythmic_stability,bar_difficulty_ave,Visual_stability,Spectral_analysis_ability3
C test5,Rec 132,P13,DTEZXTBB1.PNG,0.5625,1.0,0.25,4672.0,0.1558219178082192,0.0060750000000000005,21.443673282202987,7.8130081300813
C test5,Rec 132,P13,DTEZXTBB2.PNG,0.6875,1.0,0.75,2656.0,0.24548192771084335,0.005975,20.10494239699633,15.956521739130435
C test5,Rec 132,P13,DTEZXTBB3.PNG,0.5,0.7142857142857143,0.8571428571428571,2268.0,0.218694885361552,0.006414285714285714,60.61033013397501,7.14
C test5,Rec 132,P13,FLXNH1.PNG,0.5384615384615384,1.0,0.15384615384615385,5356.0,0.02315160567587752,0.003238461538461539,30.550302862630314,13.058252427184467
C test5,Rec 132,P13,FLXNH2.PNG,0.5714285714285714,0.8571428571428571,0.35714285714285715,2968.0,0.8207547169811321,0.002428571428571429,46.5206015748039,23.22641509433962
C test5,Rec 132,P13,LHH1.PNG,0.5416666666666666,0.9166666666666666,0.4166666666666667,3072.0,0.20572916666666666,0.004900000000000001,32.370825963576806,15.067796610169491
C test5,Rec 132,P13,LHH2.PNG,0.6666666666666666,0.8333333333333334,2.333333333333333,1728.0,0.2175925925925926,0.00385,43.03977599254929,6.4833333333333325
