StudioTestName,RecordName,ParticipantName,singleMediaName,Music_score_reading_completeness,Bass_part_reading_completeness,Left_and_right_hand_integration_ability,all_recommended_time,Rhythmic_stability,bar_difficulty_ave,Visual_stability,Spectral_analysis_ability3
C test5,Rec 115,P11,DTEZXTBB1.PNG,0.9375,1.0,7.75,2752.0,0.10901162790697674,0.0060750000000000005,30.0551132626564,2.2698412698412698
C test5,Rec 115,P11,DTEZXTBB2.PNG,1.0,1.0,10.125,2208.0,0.021739130434782608,0.005975,46.944019903097924,1.8023255813953492
C test5,Rec 115,P11,DTEZXTBB3.PNG,0.9285714285714286,0.8571428571428571,4.571428571428571,1792.0,0.5334821428571429,0.006414285714285714,60.04954695668394,4.234375
C test5,Rec 115,P11,FLXNH1.PNG,0.8461538461538461,1.0,7.153846153846153,4888.0,0.21685761047463176,0.003238461538461539,51.43963648337818,3.0909090909090913
C test5,Rec 115,P11,FLXNH2.PNG,0.8571428571428571,0.7857142857142857,4.785714285714286,2744.0,0.11224489795918367,0.002428571428571429,51.11037936198145,5.173913043478262
C test5,Rec 115,P11,LHH1.PNG,1.0,1.0,13.916666666666664,528.0,2.378787878787879,0.004900000000000001,65.39905548560807,34.575
C test5,Rec 115,P11,LHH2.PNG,0.75,0.6666666666666666,2.6666666666666665,792.0,0.0505050505050505,0.00385,70.89653620567043,7.44
