StudioTestName,RecordName,ParticipantName,Music_score_reading_completeness,Bass_part_reading_completeness,Left_and_right_hand_integration_ability,all_recommended_time,Rhythmic_stability,bar_difficulty_ave,Visual_stability,Spectral_analysis_ability3
C test4,Rec 211,P21,FLXNH1.PNG,0.8461538461538461,0.8461538461538461,3.0769230769230766,13780.0,0.1613933236574746,0.003238461538461539,25.739568758006463,13.08673469387755
C test4,Rec 211,P21,FLXNH2.PNG,0.8214285714285714,0.7857142857142857,1.8571428571428568,4256.0,0.26785714285714285,0.002428571428571429,43.86125172304279,8.364406779661017
C test4,Rec 211,P21,DTEZXTBB1.PNG,0.9375,0.875,4.75,1056.0,2.1818181818181817,0.0060750000000000005,51.906487920917684,14.209302325581396
C test4,Rec 211,P21,DTEZXTBB2.PNG,1.0,1.0,2.625,5088.0,0.0047169811320754715,0.005975,18.420249371455526,11.55487804878049
C test4,Rec 211,P21,DTEZXTBB3.PNG,0.8571428571428571,0.8571428571428571,2.571428571428572,476.0,1.7899159663865547,0.006414285714285714,52.643913496897,7.6453900709219855
C test4,Rec 211,P21,LHH1.PNG,0.9166666666666666,0.8333333333333334,2.25,6240.0,0.3717948717948718,0.004900000000000001,33.530367455393176,18.533112582781452
C test4,Rec 211,P21,LHH2.PNG,0.6666666666666666,0.3333333333333333,1.1666666666666667,960.0,2.404166666666667,0.00385,28.638236420431518,4.911392405063292
