StudioTestName,RecordName,ParticipantName,singleMediaName,Music_score_reading_completeness,Bass_part_reading_completeness,Left_and_right_hand_integration_ability,all_recommended_time,Rhythmic_stability,bar_difficulty_ave,Visual_stability,Spectral_analysis_ability3
C test5,Rec 121,P12,DTEZXTBB1.PNG,0.75,0.5,1.125,3168.0,0.07449494949494949,0.0060750000000000005,43.80578521628602,11.897058823529413
C test5,Rec 121,P12,DTEZXTBB2.PNG,0.8125,0.625,1.375,928.0,2.1767241379310347,0.005975,34.5996829439698,22.5531914893617
C test5,Rec 121,P12,DTEZXTBB3.PNG,0.6428571428571429,0.42857142857142855,1.1428571428571428,2352.0,0.2568027210884354,0.006414285714285714,55.53989325352181,7.304878048780488
C test5,Rec 121,P12,FLXNH1.PNG,0.8076923076923077,0.6153846153846154,1.0769230769230769,1872.0,1.2564102564102564,0.003238461538461539,60.792484856946565,17.677419354838708
C test5,Rec 121,P12,FLXNH2.PNG,0.5714285714285714,0.35714285714285715,1.2857142857142858,2968.0,0.11994609164420485,0.002428571428571429,55.713857582869,12.237288135593221
C test5,Rec 121,P12,LHH1.PNG,0.8333333333333334,0.6666666666666666,1.25,1248.0,2.0416666666666665,0.004900000000000001,48.73507549986793,42.36057692307692
C test5,Rec 121,P12,LHH2.PNG,0.8333333333333334,0.6666666666666666,1.1666666666666667,648.0,0.04938271604938271,0.00385,84.33718504881885,25.66666666666667
