StudioTestName,RecordName,ParticipantName,Music_score_reading_completeness,Bass_part_reading_completeness,Left_and_right_hand_integration_ability,all_recommended_time,Rhythmic_stability,bar_difficulty_ave,Visual_stability,Spectral_analysis_ability3
C test5,Rec 113,P11,DTEZXTBB1.PNG,0.875,0.75,2.25,1600.0,0.4875,0.0060750000000000005,28.262136014508012,15.620689655172415
C test5,Rec 113,P11,DTEZXTBB2.PNG,0.875,0.75,2.625,1792.0,0.8616071428571429,0.005975,30.196646878816424,11.517857142857142
C test5,Rec 113,P11,DTEZXTBB3.PNG,0.5714285714285714,0.42857142857142855,1.7142857142857142,1596.0,0.14285714285714285,0.006414285714285714,65.44910504312284,8.526785714285714
C test5,Rec 113,P11,FLXNH1.PNG,0.8461538461538461,0.9230769230769232,4.538461538461538,1872.0,1.3354700854700854,0.003238461538461539,37.12936265414781,8.987745098039216
C test5,Rec 113,P11,FLXNH2.PNG,0.6428571428571429,0.42857142857142855,1.2857142857142858,5824.0,0.18475274725274726,0.002428571428571429,47.96447445540872,14.57462686567164
C test5,Rec 113,P11,LHH1.PNG,0.04166666666666666,0.08333333333333333,0.08333333333333333,1920.0,0.9166666666666666,0.004900000000000001,58.02761226070698,1.0
C test5,Rec 113,P11,LHH2.PNG,0.08333333333333333,0.0,0.16666666666666666,2760.0,0.8333333333333334,0.00385,88.88943863645208,1.0
