StudioTestName,RecordName,ParticipantName,singleMediaName,Music_score_reading_completeness,Bass_part_reading_completeness,Left_and_right_hand_integration_ability,all_recommended_time,Rhythmic_stability,bar_difficulty_ave,Visual_stability,Spectral_analysis_ability3
C test3,Rec 181,P18,FLXNH1.PNG,0.9230769230769232,0.8461538461538461,4.153846153846153,1872.0,0.27350427350427353,0.003238461538461539,50.558873084137964,1.9722222222222223
C test3,Rec 181,P18,FLXNH2.PNG,0.8571428571428571,0.7142857142857143,3.7142857142857135,1456.0,0.9368131868131868,0.002428571428571429,42.6479744783102,10.115384615384617
C test3,Rec 181,P18,LHH1.PNG,0.20833333333333331,0.08333333333333333,0.25,1248.0,0.6826923076923077,0.004900000000000001,39.367843267192846,1.28
C test3,Rec 181,P18,LHH2.PNG,0.5833333333333334,0.3333333333333333,1.0,552.0,0.2608695652173913,0.00385,48.3469999694195,2.9130434782608696
C test3,Rec 181,P18,DTEZXTBB1.PNG,0.1875,0.25,0.375,928.0,0.8146551724137931,0.0060750000000000005,73.91629511640372,2.357142857142857
C test3,Rec 181,P18,DTEZXTBB2.PNG,0.1875,0.125,0.625,928.0,0.10775862068965517,0.005975,62.78862509485256,4.379310344827586
C test3,Rec 181,P18,DTEZXTBB3.PNG,0.0,0.0,0.0,0,0,0.006414285714285714,0.0,0
