StudioTestName,RecordName,ParticipantName,Music_score_reading_completeness,Bass_part_reading_completeness,Left_and_right_hand_integration_ability,all_recommended_time,Rhythmic_stability,bar_difficulty_ave,Visual_stability,Spectral_analysis_ability3
C test5,Rec 155,P15,DTEZXTBB1.PNG,1.0,1.0,9.75,6272.0,0.14604591836734693,0.0060750000000000005,5.970158455132369,5.92
C test5,Rec 155,P15,DTEZXTBB2.PNG,1.0,1.0,7.25,5248.0,0.2820121951219512,0.005975,31.366474469169216,3.779069767441861
C test5,Rec 155,P15,DTEZXTBB3.PNG,0.7142857142857143,0.7142857142857143,4.571428571428571,1736.0,0.08525345622119816,0.006414285714285714,65.86135415971589,3.755555555555556
C test5,Rec 155,P15,FLXNH1.PNG,1.0,1.0,6.153846153846153,6084.0,0.36489151873767256,0.003238461538461539,82.041345866694,3.460122699386503
C test5,Rec 155,P15,FLXNH2.PNG,0.8571428571428571,0.8571428571428571,5.7142857142857135,6104.0,0.05570117955439057,0.002428571428571429,41.38677491583862,1.5688073394495412
C test5,Rec 155,P15,LHH1.PNG,0.9583333333333334,1.0,6.333333333333332,3120.0,1.7201923076923078,0.004900000000000001,27.95632761032674,11.28125
C test5,Rec 155,P15,LHH2.PNG,0.9166666666666666,0.8333333333333334,2.333333333333333,1440.0,0.5388888888888889,0.00385,40.43188981241796,1.4137931034482758
