StudioTestName,RecordName,ParticipantName,singleMediaName,Music_score_reading_completeness,Bass_part_reading_completeness,Left_and_right_hand_integration_ability,all_recommended_time,Rhythmic_stability,bar_difficulty_ave,Visual_stability,Spectral_analysis_ability3
C test3,Rec 184,P18,FLXNH1.PNG,0.8076923076923077,0.8461538461538461,17.076923076923073,1092.0,0.3553113553113553,0.003238461538461539,52.70510763639595,7.2857142857142865
C test3,Rec 184,P18,FLXNH2.PNG,0.42857142857142855,0.5,2.071428571428572,1176.0,0.4421768707482993,0.002428571428571429,50.025716870368655,1.6470588235294117
C test3,Rec 184,P18,LHH1.PNG,0.0,0.0,0.0,0,0,0.004900000000000001,0.0,0
C test3,Rec 184,P18,LHH2.PNG,0.08333333333333333,0.0,0.16666666666666666,744.0,0.8333333333333334,0.00385,88.88943863645208,1.0
C test3,Rec 184,P18,DTEZXTBB1.PNG,0.0,0.0,0.0,0,0,0.0060750000000000005,0.0,0
C test3,Rec 184,P18,DTEZXTBB2.PNG,0.0625,0.0,0.125,480.0,0.875,0.005975,64.5283579740847,1.0
C test3,Rec 184,P18,DTEZXTBB3.PNG,0.35714285714285715,0.2857142857142857,0.8571428571428571,308.0,0.07792207792207792,0.006414285714285714,54.6727680793793,3.1578947368421053
