StudioTestName,RecordName,ParticipantName,singleMediaName,Music_score_reading_completeness,Bass_part_reading_completeness,Left_and_right_hand_integration_ability,all_recommended_time,Rhythmic_stability,bar_difficulty_ave,Visual_stability,Spectral_analysis_ability3
C test5,Rec 124,P12,DTEZXTBB1.PNG,0.6875,1.0,7.125,3360.0,0.30952380952380953,0.0060750000000000005,28.312797877123273,9.213592233009711
C test5,Rec 124,P12,DTEZXTBB2.PNG,0.6875,1.0,6.625,1504.0,0.6728723404255319,0.005975,69.74766987496356,13.0
C test5,Rec 124,P12,DTEZXTBB3.PNG,0.5714285714285714,0.7142857142857143,6.571428571428571,1540.0,0.07012987012987013,0.006414285714285714,71.27693166572631,22.857142857142854
C test5,Rec 124,P12,FLXNH1.PNG,0.6153846153846154,1.0,2.6923076923076925,9100.0,0.10329670329670328,0.003238461538461539,25.30418369931262,13.126760563380284
C test5,Rec 124,P12,FLXNH2.PNG,0.6428571428571429,0.9285714285714286,0.42857142857142855,6440.0,0.03850931677018633,0.002428571428571429,64.23080466834952,17.425
C test5,Rec 124,P12,LHH1.PNG,0.5,0.8333333333333334,2.9166666666666665,8928.0,0.1953405017921147,0.004900000000000001,51.134543220430686,15.605263157894735
C test5,Rec 124,P12,LHH2.PNG,0.5,0.5,1.1666666666666667,720.0,3.4444444444444446,0.00385,39.39743808892568,1.3157894736842106
