StudioTestName,RecordName,ParticipantName,singleMediaName,Music_score_reading_completeness,Bass_part_reading_completeness,Left_and_right_hand_integration_ability,all_recommended_time,Rhythmic_stability,bar_difficulty_ave,Visual_stability,Spectral_analysis_ability3
C test5,Rec 112,P11,DTEZXTBB1.PNG,0.5,0.75,2.25,5216.0,0.3680981595092024,0.0060750000000000005,11.927198395565188,6.275229357798165
C test5,Rec 112,P11,DTEZXTBB2.PNG,0.5,0.875,0.25,1568.0,0.9311224489795918,0.005975,15.87008477122566,15.3265306122449
C test5,Rec 112,P11,DTEZXTBB3.PNG,0.5,0.8571428571428571,0.42857142857142855,1736.0,0.12211981566820275,0.006414285714285714,58.19675682400397,12.025
C test5,Rec 112,P11,FLXNH1.PNG,0.5769230769230769,0.6923076923076923,0.9230769230769232,3952.0,0.25101214574898784,0.003238461538461539,60.64131005363286,5.032258064516129
C test5,Rec 112,P11,FLXNH2.PNG,0.5714285714285714,0.9285714285714286,0.35714285714285715,2912.0,1.353021978021978,0.002428571428571429,45.226371542238205,41.55
C test5,Rec 112,P11,LHH1.PNG,0.6666666666666666,0.8333333333333334,3.0,3168.0,0.012626262626262626,0.004900000000000001,54.61559343160446,10.01818181818182
C test5,Rec 112,P11,LHH2.PNG,0.5833333333333334,0.6666666666666666,1.3333333333333333,3768.0,0.362791932059448,0.00385,45.874715903526116,6.303846153846153
