StudioTestName,RecordName,ParticipantName,singleMediaName,Music_score_reading_completeness,Bass_part_reading_completeness,Left_and_right_hand_integration_ability,all_recommended_time,Rhythmic_stability,bar_difficulty_ave,Visual_stability,Spectral_analysis_ability3
C test5,Rec 111,P11,DTEZXTBB1.PNG,0.875,0.75,1.5,4768.0,0.08808724832214765,0.0060750000000000005,60.64136025983054,4.7651006711409405
C test5,Rec 111,P11,DTEZXTBB2.PNG,0.875,0.75,1.75,1728.0,0.5023148148148148,0.005975,49.748799393904065,8.878048780487807
C test5,Rec 111,P11,DTEZXTBB3.PNG,0.7142857142857143,0.7142857142857143,1.5714285714285714,504.0,1.3015873015873016,0.006414285714285714,49.92638126010438,3.7586206896551726
C test5,Rec 111,P11,FLXNH1.PNG,0.8846153846153846,0.9230769230769232,2.1538461538461537,3796.0,0.11380400421496313,0.003238461538461539,58.16313489538218,5.297619047619048
C test5,Rec 111,P11,FLXNH2.PNG,0.7142857142857143,0.5714285714285714,1.5,4200.0,0.2704761904761905,0.002428571428571429,69.6236479185223,13.456521739130435
C test5,Rec 111,P11,LHH1.PNG,0.7916666666666666,0.9166666666666666,2.75,7584.0,0.3143459915611814,0.004900000000000001,41.584110024834864,14.0989010989011
C test5,Rec 111,P11,LHH2.PNG,0.75,0.5,1.0,3768.0,0.2821125265392781,0.00385,46.02861058493782,24.87980769230769
