StudioTestName,RecordName,ParticipantName,singleMediaName,Music_score_reading_completeness,Bass_part_reading_completeness,Left_and_right_hand_integration_ability,all_recommended_time,Rhythmic_stability,bar_difficulty_ave,Visual_stability,Spectral_analysis_ability3
C test4,Rec 195,P19,FLXNH1.PNG,1.0,1.0,14.769230769230768,832.0,2.4615384615384617,0.003238461538461539,49.222828089579934,11.052631578947368
C test4,Rec 195,P19,FLXNH2.PNG,0.9642857142857144,0.9285714285714286,15.071428571428573,1288.0,0.6180124223602484,0.002428571428571429,57.654267017493495,3.4137931034482767
C test4,Rec 195,P19,DTEZXTBB1.PNG,1.0,1.0,50.25,1664.0,0.37740384615384615,0.0060750000000000005,70.15275286473972,1.0454545454545454
C test4,Rec 195,P19,DTEZXTBB2.PNG,1.0,1.0,38.0,768.0,1.3541666666666667,0.005975,40.81415781943531,2.5454545454545454
C test4,Rec 195,P19,DTEZXTBB3.PNG,0.9285714285714286,0.8571428571428571,21.857142857142854,1316.0,0.44984802431610943,0.006414285714285714,53.527665141316156,4.386363636363637
C test4,Rec 195,P19,LHH1.PNG,0.8333333333333334,0.8333333333333334,11.583333333333336,1200.0,1.2866666666666666,0.004900000000000001,28.01559914209229,8.030303030303031
C test4,Rec 195,P19,LHH2.PNG,0.8333333333333334,0.8333333333333334,13.5,672.0,1.2261904761904765,0.00385,52.79164684237014,8.464285714285714
