StudioTestName,RecordName,ParticipantName,Music_score_reading_completeness,Bass_part_reading_completeness,Left_and_right_hand_integration_ability,all_recommended_time,Rhythmic_stability,bar_difficulty_ave,Visual_stability,Spectral_analysis_ability3
French_test2,Rec 262,P26,EQYY1-1.png,0.7,1.0,11.4,620.0,1.8193548387096772,0.01038,52.548171900747576,11.612903225806454
French_test2,Rec 262,P26,EQYY1-2.png,1.0,1.0,24.2,500.0,1.768,0.01316,27.70446520035773,16.25
French_test2,Rec 262,P26,EQYY1-3.png,0.8333333333333334,1.0,4.166666666666667,1008.0,0.07142857142857142,0.00848333333333333,29.869859124794694,5.09375
French_test2,Rec 262,P26,YZWQ1-1.png,0.7307692307692307,0.9230769230769232,2.5384615384615383,2028.0,0.1124260355029586,0.002461538461538461,65.43164417470342,19.863636363636363
French_test2,Rec 262,P26,YZWQ1-2.png,0.7307692307692307,0.7692307692307693,8.076923076923077,728.0,0.2307692307692308,0.0027076923076923072,55.268646067228225,0.29411764705882354
French_test2,Rec 262,P26,YZWQ1-3.png,0.9166666666666666,1.0,5.166666666666667,672.0,0.047619047619047616,0.0045,40.02066270048279,2.863636363636364
French_test2,Rec 262,P26,MLD1-1.png,0.7222222222222222,0.7777777777777778,1.8888888888888888,648.0,1.3765432098765429,0.003344444444444444,40.43966030582251,3.466666666666667
French_test2,Rec 262,P26,MLD1-2.png,0.8,1.0,1.7,760.0,0.6789473684210526,0.0032800000000000004,43.360531062048366,8.789473684210527
French_test2,Rec 262,P26,MLD1-3.png,0.6666666666666666,0.75,2.083333333333333,816.0,0.4362745098039216,0.002133333333333333,67.57746551981737,7.583333333333332
