StudioTestName,RecordName,ParticipantName,singleMediaName,Music_score_reading_completeness,Bass_part_reading_completeness,Left_and_right_hand_integration_ability,all_recommended_time,Rhythmic_stability,bar_difficulty_ave,Visual_stability,Spectral_analysis_ability3
French_test3,Rec 171,P17,YZWQ1-1.png,0.5769230769230769,0.15384615384615385,0.2307692307692308,5668.0,0.05010585744530699,0.002461538461538461,61.48123053880102,16.4375
French_test3,Rec 171,P17,YZWQ1-2.png,0.6153846153846154,0.2307692307692308,0.3076923076923077,7072.0,0.04920814479638009,0.0027076923076923072,68.30006277265585,12.019736842105265
French_test3,Rec 171,P17,YZWQ1-3.png,0.6666666666666666,0.5,0.8333333333333334,3312.0,0.07367149758454106,0.0045,44.24073001608779,1.536231884057971
French_test3,Rec 171,P17,EQYY1-1.png,0.8,0.6,0.8,2100.0,0.1961904761904762,0.01038,38.22293786082707,5.704761904761906
French_test3,Rec 171,P17,EQYY1-2.png,0.5,0.0,0.2,1940.0,0.00824742268041237,0.01316,20.361261885595766,4.958762886597938
French_test3,Rec 171,P17,EQYY1-3.png,0.75,0.5,1.3333333333333333,3384.0,0.03546099290780142,0.00848333333333333,22.35291495995082,4.045112781954887
French_test3,Rec 171,P17,MLD1-1.png,0.5555555555555556,0.1111111111111111,0.4444444444444444,6228.0,0.02119460500963391,0.003344444444444444,83.49205752811947,7.329670329670329
French_test3,Rec 171,P17,MLD1-2.png,0.65,0.3,0.4,5200.0,0.4292307692307693,0.0032800000000000004,39.16873799035497,17.656
French_test3,Rec 171,P17,MLD1-3.png,0.375,0.16666666666666666,0.4166666666666667,2352.0,0.0017006802721088435,0.002133333333333333,86.71551490099311,6.197183098591549
