StudioTestName,RecordName,ParticipantName,Music_score_reading_completeness,Bass_part_reading_completeness,Left_and_right_hand_integration_ability,all_recommended_time,Rhythmic_stability,bar_difficulty_ave,Visual_stability,Spectral_analysis_ability3
French_test1,Rec 013,P03,EQYY1-1.png,1.0,1.0,4.4,580.0,0.06206896551724138,0.01038,25.92687952316372,7.2105263157894735
French_test1,Rec 013,P03,EQYY1-2.png,1.0,1.0,3.6,200.0,0.12,0.01316,84.73623211752981,16.764705882352942
French_test1,Rec 013,P03,EQYY1-3.png,1.0,1.0,9.166666666666666,384.0,0.09375,0.00848333333333333,11.700543198013827,18.8
French_test1,Rec 013,P03,MLD1-1.png,0.9444444444444444,0.8888888888888888,2.333333333333333,252.0,1.5396825396825398,0.003344444444444444,54.93001517851922,53.16666666666666
French_test1,Rec 013,P03,MLD1-2.png,0.75,0.5,0.7,880.0,1.45,0.0032800000000000004,33.86288964412814,38.75
French_test1,Rec 013,P03,MLD1-3.png,0.7083333333333334,0.5833333333333334,1.9166666666666667,1632.0,0.10049019607843138,0.002133333333333333,45.13432618039607,13.886363636363635
French_test1,Rec 013,P03,YZWQ1-1.png,0.6538461538461539,0.3076923076923077,0.6153846153846154,5096.0,0.1389324960753532,0.002461538461538461,42.93430521471428,22.0
French_test1,Rec 013,P03,YZWQ1-2.png,0.8076923076923077,0.6153846153846154,1.8461538461538465,520.0,2.8615384615384616,0.0027076923076923072,45.98912190442359,76.9090909090909
French_test1,Rec 013,P03,YZWQ1-3.png,0.5833333333333334,0.3333333333333333,1.6666666666666667,360.0,1.5777777777777775,0.0045,52.76068272603989,6.527272727272727
