StudioTestName,RecordName,ParticipantName,singleMediaName,Music_score_reading_completeness,Bass_part_reading_completeness,Left_and_right_hand_integration_ability,all_recommended_time,Rhythmic_stability,bar_difficulty_ave,Visual_stability,Spectral_analysis_ability3
French_test5,Rec 081,P08,MLD1-1.png,0.7777777777777778,0.5555555555555556,1.5555555555555556,1548.0,0.5064599483204134,0.003344444444444444,38.58243482965699,6.363636363636362
French_test5,Rec 081,P08,MLD1-2.png,0.7,0.5,1.2,2080.0,0.5730769230769229,0.0032800000000000004,43.002229519406654,13.412698412698411
French_test5,Rec 081,P08,MLD1-3.png,0.08333333333333333,0.08333333333333333,0.16666666666666666,2256.0,0.9166666666666666,0.002133333333333333,64.81792089308601,0.8303249097472925
French_test5,Rec 081,P08,EQYY1-1.png,1.0,1.0,6.8,720.0,0.2388888888888889,0.01038,82.03175083023089,6.609756097560974
French_test5,Rec 081,P08,EQYY1-2.png,0.8,0.6,1.0,400.0,1.07,0.01316,64.9914437651401,6.675
French_test5,Rec 081,P08,EQYY1-3.png,0.75,0.6666666666666666,2.6666666666666665,192.0,1.1041666666666667,0.00848333333333333,38.20060998598198,11.333333333333336
French_test5,Rec 081,P08,YZWQ1-1.png,0.5769230769230769,0.2307692307692308,0.5384615384615384,3848.0,0.18607068607068608,0.002461538461538461,45.388689477663995,24.486486486486488
French_test5,Rec 081,P08,YZWQ1-2.png,0.6923076923076923,0.4615384615384616,0.6923076923076923,936.0,0.7264957264957265,0.0027076923076923072,46.856959261961784,36.64
French_test5,Rec 081,P08,YZWQ1-3.png,0.3333333333333333,0.0,0.16666666666666666,2976.0,0.33736559139784944,0.0045,31.813722330484943,3.9758064516129035
