StudioTestName,RecordName,ParticipantName,Music_score_reading_completeness,Bass_part_reading_completeness,Left_and_right_hand_integration_ability,all_recommended_time,Rhythmic_stability,bar_difficulty_ave,Visual_stability,Spectral_analysis_ability3
French_test5,Rec 093,P09,MLD1-1.png,0.7222222222222222,0.5555555555555556,1.8888888888888888,6732.0,0.10932857991681523,0.003344444444444444,36.783424451766535,9.923076923076923
French_test5,Rec 093,P09,MLD1-2.png,0.7,0.8,2.7,4120.0,0.41262135922330095,0.0032800000000000004,32.66333069983831,6.020618556701031
French_test5,Rec 093,P09,MLD1-3.png,0.4166666666666667,0.5833333333333334,1.6666666666666667,7392.0,0.2077922077922078,0.002133333333333333,79.69455595063907,9.432
French_test5,Rec 093,P09,EQYY1-1.png,1.0,1.0,8.2,700.0,0.18857142857142856,0.01038,63.52919871632322,0.7173913043478259
French_test5,Rec 093,P09,EQYY1-2.png,0.9,1.0,7.0,1460.0,0.9506849315068492,0.01316,8.135975769734229,3.9863013698630136
French_test5,Rec 093,P09,EQYY1-3.png,1.0,1.0,5.333333333333333,2904.0,0.011019283746556474,0.00848333333333333,46.35759857948634,2.1809523809523808
French_test5,Rec 093,P09,YZWQ1-1.png,0.7692307692307693,0.9230769230769232,3.692307692307693,5928.0,0.4838056680161944,0.002461538461538461,58.47697249775508,19.761904761904766
French_test5,Rec 093,P09,YZWQ1-2.png,0.6538461538461539,0.7692307692307693,1.9230769230769231,5148.0,0.3480963480963481,0.0027076923076923072,55.82085262921815,5.358695652173913
French_test5,Rec 093,P09,YZWQ1-3.png,0.6666666666666666,1.0,3.8333333333333335,2688.0,0.12648809523809526,0.0045,6.102302486174843,4.767857142857143
