StudioTestName,RecordName,ParticipantName,Music_score_reading_completeness,Bass_part_reading_completeness,Left_and_right_hand_integration_ability,all_recommended_time,Rhythmic_stability,bar_difficulty_ave,Visual_stability,Spectral_analysis_ability3
French_test2,Rec 261,P26,EQYY1-1.png,1.0,1.0,15.0,520.0,0.13076923076923078,0.01038,92.91795693494193,2.333333333333333
French_test2,Rec 261,P26,EQYY1-2.png,0.8,1.0,18.6,440.0,0.41818181818181815,0.01316,32.42188983616426,7.090909090909091
French_test2,Rec 261,P26,EQYY1-3.png,0.75,1.0,8.833333333333334,312.0,0.2307692307692308,0.00848333333333333,50.73990971038745,5.384615384615384
French_test2,Rec 261,P26,YZWQ1-1.png,0.7307692307692307,0.9230769230769232,2.0,2808.0,0.2749287749287749,0.002461538461538461,45.47487486541216,17.44736842105263
French_test2,Rec 261,P26,YZWQ1-2.png,0.5769230769230769,0.6923076923076923,1.3076923076923077,416.0,0.038461538461538464,0.0027076923076923072,56.38561945817771,3.5
French_test2,Rec 261,P26,YZWQ1-3.png,0.0,0.0,0.0,0,0,0.0045,0.0,0
French_test2,Rec 261,P26,MLD1-1.png,0.5,0.6666666666666666,1.8888888888888888,684.0,0.29239766081871343,0.003344444444444444,75.29461238413396,2.321428571428572
French_test2,Rec 261,P26,MLD1-2.png,0.0,0.0,0.0,0,0,0.0032800000000000004,0.0,0
French_test2,Rec 261,P26,MLD1-3.png,0.0,0.0,0.0,0,0,0.002133333333333333,0.0,0
