StudioTestName,RecordName,ParticipantName,Music_score_reading_completeness,Bass_part_reading_completeness,Left_and_right_hand_integration_ability,all_recommended_time,Rhythmic_stability,bar_difficulty_ave,Visual_stability,Spectral_analysis_ability3
French_test1,Rec 012,P01,EQYY1-1.png,0.9,0.8,3.6,1920.0,1.1604166666666669,0.01038,86.9574437233259,7.357142857142858
French_test1,Rec 012,P01,EQYY1-2.png,0.8,0.6,1.2,960.0,1.5458333333333334,0.01316,16.932850159024724,6.0
French_test1,Rec 012,P01,EQYY1-3.png,0.75,0.5,2.5,5160.0,0.07751937984496124,0.00848333333333333,93.98674373641785,1.1355932203389831
French_test1,Rec 012,P01,MLD1-1.png,0.7777777777777778,0.5555555555555556,2.888888888888889,2304.0,0.3038194444444444,0.003344444444444444,91.1242369198374,0.5185185185185185
French_test1,Rec 012,P01,MLD1-2.png,0.55,0.1,0.2,3240.0,0.1802469135802469,0.0032800000000000004,72.2718312840569,13.0
French_test1,Rec 012,P01,MLD1-3.png,0.6666666666666666,0.6666666666666666,2.6666666666666665,2976.0,0.01747311827956989,0.002133333333333333,83.02632793027374,0.8548387096774194
French_test1,Rec 012,P01,YZWQ1-1.png,0.5769230769230769,0.2307692307692308,0.6923076923076923,3484.0,0.05281285878300804,0.002461538461538461,52.08689688385919,13.149253731343286
French_test1,Rec 012,P01,YZWQ1-2.png,0.7692307692307693,0.5384615384615384,0.7692307692307693,3848.0,0.4168399168399168,0.0027076923076923072,59.24096125069885,16.675675675675677
French_test1,Rec 012,P01,YZWQ1-3.png,1.0,1.0,4.5,360.0,0.5222222222222223,0.0045,25.45965582536445,12.217391304347824
