StudioTestName,RecordName,ParticipantName,singleMediaName,Music_score_reading_completeness,Bass_part_reading_completeness,Left_and_right_hand_integration_ability,all_recommended_time,Rhythmic_stability,bar_difficulty_ave,Visual_stability,Spectral_analysis_ability3
French_test2,Rec 263,P26,EQYY1-1.png,0.9,0.8,17.6,120.0,0.9333333333333332,0.01038,48.955705637931864,5.583333333333332
French_test2,Rec 263,P26,EQYY1-2.png,1.0,1.0,17.0,260.0,3.6,0.01316,12.468163893476394,5.529411764705882
French_test2,Rec 263,P26,EQYY1-3.png,0.9166666666666666,0.8333333333333334,19.666666666666668,1152.0,0.08333333333333333,0.00848333333333333,64.02200421629253,0.6571428571428571
French_test2,Rec 263,P26,YZWQ1-1.png,0.8076923076923077,0.9230769230769232,3.4615384615384617,468.0,2.547008547008547,0.002461538461538461,51.375726846808405,35.647058823529406
French_test2,Rec 263,P26,YZWQ1-2.png,0.7692307692307693,0.7692307692307693,6.769230769230768,468.0,5.4273504273504285,0.0027076923076923072,63.874637439728254,13.462962962962965
French_test2,Rec 263,P26,YZWQ1-3.png,0.75,1.0,3.1666666666666665,2112.0,0.11553030303030302,0.0045,3.403497863071409,8.431818181818182
French_test2,Rec 263,P26,MLD1-1.png,0.7222222222222222,0.6666666666666666,6.333333333333332,1440.0,1.075,0.003344444444444444,37.11674832398783,7.678571428571429
French_test2,Rec 263,P26,MLD1-2.png,0.7,0.8,3.9,480.0,3.45,0.0032800000000000004,48.94692221335345,20.214285714285715
French_test2,Rec 263,P26,MLD1-3.png,0.5,0.5833333333333334,3.583333333333333,1104.0,0.18840579710144928,0.002133333333333333,68.86128451173632,1.826086956521739
