StudioTestName,RecordName,ParticipantName,Music_score_reading_completeness,Bass_part_reading_completeness,Left_and_right_hand_integration_ability,all_recommended_time,Rhythmic_stability,bar_difficulty_ave,Visual_stability,Spectral_analysis_ability3
French_test4,Rec 105,P10,YZWQ1-1.png,1.0,1.0,7.846153846153847,3068.0,0.5984354628422425,0.002461538461538461,26.862201353082682,3.661971830985916
French_test4,Rec 105,P10,YZWQ1-2.png,0.9615384615384616,0.9230769230769232,9.76923076923077,2236.0,0.17889087656529518,0.0027076923076923072,71.45252303852476,9.852941176470589
French_test4,Rec 105,P10,YZWQ1-3.png,1.0,1.0,5.0,1104.0,0.07971014492753623,0.0045,36.80407531123004,0.8913043478260869
French_test4,Rec 105,P10,MLD1-1.png,1.0,1.0,8.888888888888891,2340.0,0.1076923076923077,0.003344444444444444,32.33279983245644,0.5166666666666667
French_test4,Rec 105,P10,MLD1-2.png,1.0,1.0,10.0,1640.0,0.13658536585365855,0.0032800000000000004,54.86045736163452,11.80487804878049
French_test4,Rec 105,P10,MLD1-3.png,0.5833333333333334,0.5833333333333334,3.5,2160.0,0.362962962962963,0.002133333333333333,85.28156980083223,2.9565217391304346
French_test4,Rec 105,P10,EQYY1-1.png,1.0,1.0,35.0,480.0,0.1,0.01038,91.5464180907857,0.0967741935483871
French_test4,Rec 105,P10,EQYY1-2.png,1.0,1.0,33.4,200.0,0.48,0.01316,10.861661947970667,2.4166666666666665
French_test4,Rec 105,P10,EQYY1-3.png,1.0,1.0,27.83333333333333,576.0,0.2569444444444444,0.00848333333333333,55.61522128707177,6.725
