StudioTestName,RecordName,ParticipantName,Music_score_reading_completeness,Bass_part_reading_completeness,Left_and_right_hand_integration_ability,all_recommended_time,Rhythmic_stability,bar_difficulty_ave,Visual_stability,Spectral_analysis_ability3
French_test4,Rec 104,P10,YZWQ1-1.png,0.6153846153846154,1.0,5.769230769230768,15808.0,0.1079832995951417,0.002461538461538461,26.75490814157111,25.23245614035088
French_test4,Rec 104,P10,YZWQ1-2.png,0.7307692307692307,1.0,0.6923076923076923,13416.0,0.2584973166368515,0.0027076923076923072,39.621560944201605,29.932432432432428
French_test4,Rec 104,P10,YZWQ1-3.png,0.8333333333333334,1.0,6.333333333333332,2472.0,0.4061488673139159,0.0045,68.87283175066838,13.358490566037734
French_test4,Rec 104,P10,MLD1-1.png,1.0,1.0,16.555555555555557,1764.0,0.0090702947845805,0.003344444444444444,80.49507694752161,1.4339622641509433
French_test4,Rec 104,P10,MLD1-2.png,0.95,1.0,10.1,2960.0,0.10270270270270272,0.0032800000000000004,19.728766514537927,8.666666666666666
French_test4,Rec 104,P10,MLD1-3.png,0.5416666666666666,0.5833333333333334,4.833333333333333,3936.0,0.133130081300813,0.002133333333333333,78.21962261380422,6.1944444444444455
French_test4,Rec 104,P10,EQYY1-1.png,0.8,1.0,31.8,1600.0,0.395,0.01038,29.805312763954674,6.701492537313433
French_test4,Rec 104,P10,EQYY1-2.png,0.8,1.0,26.2,740.0,0.3945945945945946,0.01316,64.60473923679797,2.324324324324324
French_test4,Rec 104,P10,EQYY1-3.png,0.8333333333333334,1.0,11.333333333333336,1800.0,0.8155555555555556,0.00848333333333333,62.81236768449026,45.647058823529406
