StudioTestName,RecordName,ParticipantName,singleMediaName,Music_score_reading_completeness,Bass_part_reading_completeness,Left_and_right_hand_integration_ability,all_recommended_time,Rhythmic_stability,bar_difficulty_ave,Visual_stability,Spectral_analysis_ability3
French_test5,Rec 083,P08,MLD1-1.png,0.8888888888888888,0.7777777777777778,2.888888888888889,2088.0,1.8386015325670495,0.003344444444444444,33.46085221655919,27.875
French_test5,Rec 083,P08,MLD1-2.png,0.7,0.4,0.8,10600.0,0.36566037735849055,0.0032800000000000004,70.19085329896822,17.354716981132075
French_test5,Rec 083,P08,MLD1-3.png,0.4583333333333333,0.3333333333333333,0.75,2880.0,0.5611111111111111,0.002133333333333333,74.05638191054742,35.28125
French_test5,Rec 083,P08,EQYY1-1.png,1.0,1.0,4.2,700.0,0.07428571428571429,0.01038,50.363904578513974,12.460674157303373
French_test5,Rec 083,P08,EQYY1-2.png,1.0,1.0,8.0,1420.0,0.08169014084507042,0.01316,27.008712858037125,5.758823529411764
French_test5,Rec 083,P08,EQYY1-3.png,1.0,1.0,2.5,1392.0,1.5833333333333333,0.00848333333333333,27.08577544700895,2.4605263157894743
French_test5,Rec 083,P08,YZWQ1-1.png,0.7692307692307693,0.5384615384615384,1.5384615384615383,4108.0,0.8675754625121713,0.002461538461538461,45.502163162105205,7.1257861635220126
French_test5,Rec 083,P08,YZWQ1-2.png,0.8076923076923077,0.6153846153846154,1.0769230769230769,2184.0,0.6355311355311355,0.0027076923076923072,29.848651966242407,27.13888888888889
French_test5,Rec 083,P08,YZWQ1-3.png,1.0,1.0,2.333333333333333,864.0,0.8379629629629629,0.0045,18.670297057216896,1.0117647058823531
