StudioTestName,RecordName,ParticipantName,singleMediaName,Music_score_reading_completeness,Bass_part_reading_completeness,Left_and_right_hand_integration_ability,all_recommended_time,Rhythmic_stability,bar_difficulty_ave,Visual_stability,Spectral_analysis_ability3
French_test1,Rec 014,P05,EQYY1-1.png,1.0,1.0,11.6,1140.0,0.05614035087719298,0.01038,81.28210354481541,0.12280701754385966
French_test1,Rec 014,P05,EQYY1-2.png,1.0,1.0,8.4,1420.0,0.06197183098591549,0.01316,15.488181685143132,0.2535211267605634
French_test1,Rec 014,P05,EQYY1-3.png,0.3333333333333333,0.3333333333333333,4.333333333333333,1800.0,0.7133333333333334,0.00848333333333333,84.2541839630506,0.05882352941176471
French_test1,Rec 014,P05,MLD1-1.png,0.8333333333333334,0.6666666666666666,2.2222222222222223,1944.0,0.4403292181069959,0.003344444444444444,33.101695923010084,7.777777777777778
French_test1,Rec 014,P05,MLD1-2.png,0.75,0.5,0.9,1800.0,0.14444444444444446,0.0032800000000000004,50.765891653118175,10.956521739130435
French_test1,Rec 014,P05,MLD1-3.png,0.625,0.3333333333333333,0.8333333333333334,3216.0,0.0,0.002133333333333333,74.83566082848115,5.746268656716418
French_test1,Rec 014,P05,YZWQ1-1.png,0.8461538461538461,1.0,2.4615384615384617,3068.0,0.07953063885267275,0.002461538461538461,50.07202422964126,0.16666666666666666
French_test1,Rec 014,P05,YZWQ1-2.png,0.8461538461538461,0.7692307692307693,2.0769230769230766,3432.0,0.14685314685314685,0.0027076923076923072,33.5462150673082,4.257575757575758
French_test1,Rec 014,P05,YZWQ1-3.png,0.8333333333333334,0.6666666666666666,1.5,2136.0,0.2265917602996255,0.0045,28.20865807240527,3.0
