StudioTestName,RecordName,ParticipantName,Music_score_reading_completeness,Bass_part_reading_completeness,Left_and_right_hand_integration_ability,all_recommended_time,Rhythmic_stability,bar_difficulty_ave,Visual_stability,Spectral_analysis_ability3
French_test3,Rec 173,P17,YZWQ1-1.png,0.5,0.0,0.07692307692307693,7748.0,0.16055756324212697,0.002461538461538461,44.028917370889495,15.087248322147653
French_test3,Rec 173,P17,YZWQ1-2.png,0.5384615384615384,0.07692307692307693,0.2307692307692308,12896.0,0.07847394540942929,0.0027076923076923072,38.793428699756795,14.274193548387096
French_test3,Rec 173,P17,YZWQ1-3.png,0.6666666666666666,0.3333333333333333,0.5,4344.0,0.053406998158379376,0.0045,75.10666204384927,6.369230769230769
French_test3,Rec 173,P17,EQYY1-1.png,0.6,0.2,0.6,1500.0,0.016,0.01038,51.51159239069101,5.2625
French_test3,Rec 173,P17,EQYY1-2.png,0.7,0.4,0.6,3960.0,0.04646464646464647,0.01316,73.77278907638181,6.808080808080808
French_test3,Rec 173,P17,EQYY1-3.png,0.5833333333333334,0.16666666666666666,0.5,4944.0,0.07605177993527508,0.00848333333333333,21.71374138735241,5.271844660194175
French_test3,Rec 173,P17,MLD1-1.png,0.6111111111111112,0.2222222222222222,0.5555555555555556,5148.0,0.13442113442113446,0.003344444444444444,8.930369205948146,6.7972027972027975
French_test3,Rec 173,P17,MLD1-2.png,0.55,0.1,0.2,6920.0,0.0630057803468208,0.0032800000000000004,52.14935724650981,11.08588957055215
French_test3,Rec 173,P17,MLD1-3.png,0.3333333333333333,0.16666666666666666,0.3333333333333333,8064.0,0.4940476190476191,0.002133333333333333,89.32108072550696,6.815476190476191
