StudioTestName,RecordName,ParticipantName,singleMediaName,Music_score_reading_completeness,Bass_part_reading_completeness,Left_and_right_hand_integration_ability,all_recommended_time,Rhythmic_stability,bar_difficulty_ave,Visual_stability,Spectral_analysis_ability3
French_test4,Rec 101,P10,YZWQ1-1.png,0.6538461538461539,0.3076923076923077,0.9230769230769232,6032.0,0.08488063660477453,0.002461538461538461,22.317476471943813,22.10169491525424
French_test4,Rec 101,P10,YZWQ1-2.png,0.5384615384615384,0.07692307692307693,0.2307692307692308,4784.0,0.6705685618729097,0.0027076923076923072,50.25230366857189,20.76086956521739
French_test4,Rec 101,P10,YZWQ1-3.png,0.5833333333333334,0.16666666666666666,0.5,936.0,0.5897435897435898,0.0045,71.87257456201121,18.05128205128205
French_test4,Rec 101,P10,MLD1-1.png,0.5555555555555556,0.1111111111111111,0.2222222222222222,3492.0,0.20618556701030927,0.003344444444444444,30.69512126230879,12.484848484848484
French_test4,Rec 101,P10,MLD1-2.png,0.65,0.3,0.5,8160.0,0.257843137254902,0.0032800000000000004,43.01773751940972,13.034722222222221
French_test4,Rec 101,P10,MLD1-3.png,0.4166666666666667,0.25,0.3333333333333333,816.0,4.362745098039214,0.002133333333333333,71.5979516640156,12.937007874015748
French_test4,Rec 101,P10,EQYY1-1.png,0.7,0.4,9.8,340.0,0.4352941176470588,0.01038,51.171959508499754,7.925925925925926
French_test4,Rec 101,P10,EQYY1-2.png,0.9,0.8,6.2,920.0,0.1826086956521739,0.01316,74.20303470928782,2.8928571428571432
French_test4,Rec 101,P10,EQYY1-3.png,0.75,0.5,2.0,1944.0,0.2798353909465021,0.00848333333333333,19.10322909852411,5.888888888888888
