StudioTestName,RecordName,ParticipantName,singleMediaName,Music_score_reading_completeness,Bass_part_reading_completeness,Left_and_right_hand_integration_ability,all_recommended_time,Rhythmic_stability,bar_difficulty_ave,Visual_stability,Spectral_analysis_ability3
French_test3,Rec 174,P17,YZWQ1-1.png,0.5384615384615384,1.0,3.3846153846153846,4264.0,0.6848030018761726,0.002461538461538461,31.05943326463868,15.327272727272728
French_test3,Rec 174,P17,YZWQ1-2.png,0.5384615384615384,1.0,0.15384615384615385,7436.0,0.3012372243141474,0.0027076923076923072,37.948651068003066,16.81118881118881
French_test3,Rec 174,P17,YZWQ1-3.png,0.5833333333333334,1.0,0.3333333333333333,5280.0,0.1106060606060606,0.0045,93.97479144610878,13.914285714285715
French_test3,Rec 174,P17,EQYY1-1.png,0.6,1.0,12.8,1920.0,0.4208333333333333,0.01038,52.42922271963768,6.458333333333332
French_test3,Rec 174,P17,EQYY1-2.png,0.6,1.0,0.4,2500.0,2.0156,0.01316,23.305594441545967,14.854000000000001
French_test3,Rec 174,P17,EQYY1-3.png,0.5,0.8333333333333334,0.3333333333333333,5808.0,0.0674931129476584,0.00848333333333333,57.76698945509477,6.1818181818181825
French_test3,Rec 174,P17,MLD1-1.png,0.6111111111111112,1.0,4.4444444444444455,3744.0,0.7948717948717948,0.003344444444444444,49.110891440068045,14.605769230769232
French_test3,Rec 174,P17,MLD1-2.png,0.25,0.5,0.1,8200.0,0.5419512195121952,0.0032800000000000004,42.40039168244715,4.5804878048780475
French_test3,Rec 174,P17,MLD1-3.png,0.3333333333333333,0.5833333333333334,0.25,4848.0,0.1674917491749175,0.002133333333333333,84.96039288850278,13.514851485148515
