StudioTestName,RecordName,ParticipantName,singleMediaName,Music_score_reading_completeness,Bass_part_reading_completeness,Left_and_right_hand_integration_ability,all_recommended_time,Rhythmic_stability,bar_difficulty_ave,Visual_stability,Spectral_analysis_ability3
French_test5,Rec 074,P07,MLD1-1.png,0.5555555555555556,0.8888888888888888,0.5555555555555556,1836.0,0.10021786492374728,0.003344444444444444,52.35429685700436,10.361111111111109
French_test5,Rec 074,P07,MLD1-2.png,0.6,1.0,0.3,1040.0,0.29615384615384616,0.0032800000000000004,46.23311471917114,15.55
French_test5,Rec 074,P07,MLD1-3.png,0.4583333333333333,0.5,0.5833333333333334,2448.0,0.4526143790849673,0.002133333333333333,50.496977839110954,3.7307692307692313
French_test5,Rec 074,P07,EQYY1-1.png,0.8,1.0,1.8,460.0,0.6086956521739131,0.01038,93.34488786092709,14.636363636363635
French_test5,Rec 074,P07,EQYY1-2.png,0.7,1.0,6.2,340.0,0.011764705882352941,0.01316,10.86128692606817,2.176470588235294
French_test5,Rec 074,P07,EQYY1-3.png,0.8333333333333334,1.0,3.0,168.0,4.476190476190476,0.00848333333333333,12.627392403738035,18.4
French_test5,Rec 074,P07,YZWQ1-1.png,0.6153846153846154,0.7692307692307693,0.7692307692307693,936.0,0.2863247863247863,0.002461538461538461,32.96874076885834,6.0
French_test5,Rec 074,P07,YZWQ1-2.png,0.1153846153846154,0.15384615384615385,0.3076923076923077,1300.0,0.9046153846153846,0.0027076923076923072,75.17503580178908,4.166666666666667
French_test5,Rec 074,P07,YZWQ1-3.png,0.5,0.8333333333333334,2.833333333333333,288.0,0.06944444444444445,0.0045,50.15502865036298,4.666666666666667
