StudioTestName,RecordName,ParticipantName,Music_score_reading_completeness,Bass_part_reading_completeness,Left_and_right_hand_integration_ability,all_recommended_time,Rhythmic_stability,bar_difficulty_ave,Visual_stability,Spectral_analysis_ability3
French_test3,Rec 255,P25,YZWQ1-1.png,0.8846153846153846,1.0,4.9230769230769225,728.0,1.7252747252747254,0.002461538461538461,49.195335763993846,3.82
French_test3,Rec 255,P25,YZWQ1-2.png,1.0,1.0,7.0,1352.0,0.485207100591716,0.0027076923076923072,35.744850438752344,12.956521739130435
French_test3,Rec 255,P25,YZWQ1-3.png,0.75,1.0,4.833333333333333,1728.0,0.7523148148148148,0.0045,50.637583711272725,8.19047619047619
French_test3,Rec 255,P25,EQYY1-1.png,1.0,1.0,15.6,160.0,1.85,0.01038,96.5963185913646,15.909090909090908
French_test3,Rec 255,P25,EQYY1-2.png,1.0,1.0,27.8,560.0,0.5714285714285714,0.01316,84.9187168940693,3.3793103448275863
French_test3,Rec 255,P25,EQYY1-3.png,1.0,1.0,17.666666666666668,336.0,0.2261904761904762,0.00848333333333333,32.13236719211377,14.5
French_test3,Rec 255,P25,MLD1-1.png,0.9444444444444444,1.0,13.111111111111109,288.0,0.7638888888888888,0.003344444444444444,37.656362276541735,6.8
French_test3,Rec 255,P25,MLD1-2.png,0.9,1.0,7.5,2840.0,0.08028169014084507,0.0032800000000000004,32.918354462614715,8.48
French_test3,Rec 255,P25,MLD1-3.png,0.5416666666666666,0.6666666666666666,2.333333333333333,2736.0,0.3625730994152047,0.002133333333333333,80.53524425709699,3.272727272727273
