StudioTestName,RecordName,ParticipantName,singleMediaName,Music_score_reading_completeness,Bass_part_reading_completeness,Left_and_right_hand_integration_ability,all_recommended_time,Rhythmic_stability,bar_difficulty_ave,Visual_stability,Spectral_analysis_ability3
French_test5,Rec 091,P09,MLD1-1.png,0.7777777777777778,0.5555555555555556,2.888888888888889,5004.0,0.04796163069544365,0.003344444444444444,19.78085607698893,5.625899280575539
French_test5,Rec 091,P09,MLD1-2.png,0.85,0.7,2.6,2120.0,0.08113207547169811,0.0032800000000000004,47.893388460709744,2.9433962264150937
French_test5,Rec 091,P09,MLD1-3.png,0.5416666666666666,0.5,1.3333333333333333,1056.0,0.9431818181818182,0.002133333333333333,52.96568155287408,5.545454545454546
French_test5,Rec 091,P09,EQYY1-1.png,0.9,0.8,6.6,1180.0,0.16610169491525426,0.01038,59.47695118603786,1.3220338983050848
French_test5,Rec 091,P09,EQYY1-2.png,1.0,1.0,3.8,180.0,0.8666666666666667,0.01316,40.01441034607464,13.051282051282053
French_test5,Rec 091,P09,EQYY1-3.png,0.9166666666666666,0.8333333333333334,10.333333333333334,936.0,0.017094017094017096,0.00848333333333333,53.895187737509254,2.717948717948718
French_test5,Rec 091,P09,YZWQ1-1.png,0.8846153846153846,0.8461538461538461,3.3076923076923075,2132.0,0.6735459662288931,0.002461538461538461,65.95479692115825,16.756756756756758
French_test5,Rec 091,P09,YZWQ1-2.png,0.8846153846153846,0.7692307692307693,2.3846153846153846,1560.0,0.7794871794871795,0.0027076923076923072,48.34026128831686,14.809523809523812
French_test5,Rec 091,P09,YZWQ1-3.png,0.75,0.5,2.0,672.0,0.09523809523809523,0.0045,29.70981213770222,4.5
