StudioTestName,RecordName,ParticipantName,Music_score_reading_completeness,Bass_part_reading_completeness,Left_and_right_hand_integration_ability,all_recommended_time,Rhythmic_stability,bar_difficulty_ave,Visual_stability,Spectral_analysis_ability3
French_test2,Rec 264,P26,EQYY1-1.png,0.8,1.0,19.2,900.0,1.2977777777777777,0.01038,55.4473592590973,19.153846153846157
French_test2,Rec 264,P26,EQYY1-2.png,0.7,1.0,1.4,920.0,0.8434782608695652,0.01316,30.27130219606542,12.4375
French_test2,Rec 264,P26,EQYY1-3.png,0.75,1.0,13.666666666666664,2064.0,0.2926356589147287,0.00848333333333333,48.421124028857,7.148648648648647
French_test2,Rec 264,P26,YZWQ1-1.png,0.5769230769230769,0.6923076923076923,0.6923076923076923,4472.0,0.1815742397137746,0.002461538461538461,54.90616843227245,40.379310344827594
French_test2,Rec 264,P26,YZWQ1-2.png,0.5769230769230769,0.9230769230769232,0.4615384615384616,3588.0,0.4147157190635452,0.0027076923076923072,49.60395804419311,52.04166666666666
French_test2,Rec 264,P26,YZWQ1-3.png,0.5,1.0,0.16666666666666666,4248.0,0.19303201506591336,0.0045,59.34977367841083,4.84180790960452
French_test2,Rec 264,P26,MLD1-1.png,0.7777777777777778,1.0,1.7777777777777777,3312.0,0.3381642512077295,0.003344444444444444,30.306826885295898,12.272727272727273
French_test2,Rec 264,P26,MLD1-2.png,0.75,1.0,1.5,4520.0,0.023008849557522124,0.0032800000000000004,63.307328083024565,34.46875
French_test2,Rec 264,P26,MLD1-3.png,0.5,0.6666666666666666,0.5833333333333334,768.0,1.5677083333333333,0.002133333333333333,63.592259311598816,21.875
