StudioTestName,RecordName,ParticipantName,Music_score_reading_completeness,Bass_part_reading_completeness,Left_and_right_hand_integration_ability,all_recommended_time,Rhythmic_stability,bar_difficulty_ave,Visual_stability,Spectral_analysis_ability3
French_test4,Rec 102,P10,YZWQ1-1.png,0.6153846153846154,1.0,4.461538461538462,6864.0,0.1416083916083916,0.002461538461538461,32.02911884040896,18.10891089108911
French_test4,Rec 102,P10,YZWQ1-2.png,0.5384615384615384,1.0,0.2307692307692308,9568.0,0.19983277591973245,0.0027076923076923072,46.35415770312666,10.054347826086957
French_test4,Rec 102,P10,YZWQ1-3.png,0.5833333333333334,1.0,3.1666666666666665,5184.0,0.1381172839506173,0.0045,38.761208067176476,6.70063694267516
French_test4,Rec 102,P10,MLD1-1.png,0.8333333333333334,1.0,7.5555555555555545,2700.0,0.3955555555555556,0.003344444444444444,38.64719079568783,18.232558139534884
French_test4,Rec 102,P10,MLD1-2.png,0.6,1.0,0.4,6040.0,0.0304635761589404,0.0032800000000000004,71.34414140390682,10.803149606299211
French_test4,Rec 102,P10,MLD1-3.png,0.375,0.5833333333333334,0.25,2784.0,0.4324712643678161,0.002133333333333333,74.60016690265974,15.70689655172414
French_test4,Rec 102,P10,EQYY1-1.png,0.7,1.0,20.6,880.0,0.8909090909090909,0.01038,61.61161659544901,7.5681818181818175
French_test4,Rec 102,P10,EQYY1-2.png,0.7,1.0,0.6,700.0,0.8514285714285714,0.01316,23.265243506779075,5.914285714285715
French_test4,Rec 102,P10,EQYY1-3.png,0.6666666666666666,1.0,0.6666666666666666,2328.0,0.5670103092783505,0.00848333333333333,35.31033059441903,9.93975903614458
