StudioTestName,RecordName,ParticipantName,Music_score_reading_completeness,Bass_part_reading_completeness,Left_and_right_hand_integration_ability,all_recommended_time,Rhythmic_stability,bar_difficulty_ave,Visual_stability,Spectral_analysis_ability3
French_test1,Rec 015,P06,EQYY1-1.png,1.0,1.0,10.4,680.0,0.005882352941176471,0.01038,88.61379939523987,3.0892857142857144
French_test1,Rec 015,P06,EQYY1-2.png,0.9,0.8,3.0,1080.0,0.0962962962962963,0.01316,22.767552263826822,12.544117647058822
French_test1,Rec 015,P06,EQYY1-3.png,0.8333333333333334,0.6666666666666666,1.5,1368.0,0.09649122807017543,0.00848333333333333,64.99049817678167,7.5092592592592595
French_test1,Rec 015,P06,MLD1-1.png,0.5555555555555556,0.1111111111111111,0.4444444444444444,2412.0,0.6135986733001658,0.003344444444444444,38.68437548251501,10.809090909090907
French_test1,Rec 015,P06,MLD1-2.png,0.15,0.0,0.1,3120.0,0.3346153846153846,0.0032800000000000004,68.47327099262816,6.653846153846153
French_test1,Rec 015,P06,MLD1-3.png,0.08333333333333333,0.08333333333333333,0.25,336.0,0.9166666666666666,0.002133333333333333,58.6863674200849,0.3636363636363637
French_test1,Rec 015,P06,YZWQ1-1.png,0.038461538461538464,0.07692307692307693,0.07692307692307693,2912.0,0.9230769230769232,0.002461538461538461,48.542899368426895,1.0
French_test1,Rec 015,P06,YZWQ1-2.png,0.0,0.0,0.0,0,0,0.0027076923076923072,0.0,0
French_test1,Rec 015,P06,YZWQ1-3.png,0.08333333333333333,0.0,0.16666666666666666,816.0,0.8333333333333334,0.0045,49.04797877603694,1.0
