StudioTestName,RecordName,ParticipantName,Music_score_reading_completeness,Bass_part_reading_completeness,Left_and_right_hand_integration_ability,all_recommended_time,Rhythmic_stability,bar_difficulty_ave,Visual_stability,Spectral_analysis_ability3
French_test4,Rec 103,P10,YZWQ1-1.png,0.8461538461538461,0.6923076923076923,1.7692307692307692,2808.0,0.9743589743589745,0.002461538461538461,46.417374276176005,20.569230769230767
French_test4,Rec 103,P10,YZWQ1-2.png,0.7307692307692307,0.4615384615384616,0.9230769230769232,1300.0,2.6123076923076924,0.0027076923076923072,39.31523902635833,35.38983050847457
French_test4,Rec 103,P10,YZWQ1-3.png,0.75,0.5,0.8333333333333334,1296.0,0.8055555555555556,0.0045,49.306261271793716,16.037037037037038
French_test4,Rec 103,P10,MLD1-1.png,0.7222222222222222,0.4444444444444444,1.2222222222222223,2016.0,0.3611111111111111,0.003344444444444444,39.585755271149495,16.983333333333334
French_test4,Rec 103,P10,MLD1-2.png,0.6,0.2,1.2,6920.0,0.02485549132947977,0.0032800000000000004,32.935732788440774,12.46923076923077
French_test4,Rec 103,P10,MLD1-3.png,0.4166666666666667,0.25,0.4166666666666667,3504.0,0.4280821917808219,0.002133333333333333,81.153853884569,10.196721311475411
French_test4,Rec 103,P10,EQYY1-1.png,0.9,0.8,6.6,760.0,1.5210526315789474,0.01038,85.86151449305001,13.71875
French_test4,Rec 103,P10,EQYY1-2.png,0.9,0.8,7.6,1040.0,0.08846153846153848,0.01316,84.48106894641269,2.730769230769231
French_test4,Rec 103,P10,EQYY1-3.png,0.9166666666666666,0.8333333333333334,9.166666666666666,264.0,0.07575757575757576,0.00848333333333333,87.15667699517626,23.294117647058826
