StudioTestName,RecordName,ParticipantName,Music_score_reading_completeness,Bass_part_reading_completeness,Left_and_right_hand_integration_ability,all_recommended_time,Rhythmic_stability,bar_difficulty_ave,Visual_stability,Spectral_analysis_ability3
French_test5,Rec 094,P09,MLD1-1.png,0.6666666666666666,1.0,0.6666666666666666,4824.0,0.23217247097844115,0.003344444444444444,31.305958348758388,12.041666666666664
French_test5,Rec 094,P09,MLD1-2.png,0.55,0.8,0.4,6640.0,0.3337349397590361,0.0032800000000000004,62.56366801056456,13.434782608695652
French_test5,Rec 094,P09,MLD1-3.png,0.25,0.5,0.08333333333333333,3072.0,0.16536458333333334,0.002133333333333333,82.02616789784578,10.015625
French_test5,Rec 094,P09,EQYY1-1.png,0.8,1.0,1.2,1400.0,0.14,0.01038,71.85574059312793,4.6716417910447765
French_test5,Rec 094,P09,EQYY1-2.png,0.7,1.0,3.4,3200.0,0.08875,0.01316,45.62977655535493,15.911111111111113
French_test5,Rec 094,P09,EQYY1-3.png,0.75,1.0,16.0,1392.0,0.5574712643678161,0.00848333333333333,71.78077938324748,17.428571428571427
French_test5,Rec 094,P09,YZWQ1-1.png,0.5769230769230769,0.8461538461538461,5.846153846153847,4212.0,0.8537511870845205,0.002461538461538461,31.70340476475288,62.4
French_test5,Rec 094,P09,YZWQ1-2.png,0.6923076923076923,1.0,0.7692307692307693,3172.0,0.7377049180327869,0.0027076923076923072,39.141591580858,39.67741935483871
French_test5,Rec 094,P09,YZWQ1-3.png,0.6666666666666666,1.0,0.6666666666666666,2736.0,0.005847953216374269,0.0045,73.70814506470686,25.76923076923077
