StudioTestName,RecordName,ParticipantName,Music_score_reading_completeness,Bass_part_reading_completeness,Left_and_right_hand_integration_ability,all_recommended_time,Rhythmic_stability,bar_difficulty_ave,Visual_stability,Spectral_analysis_ability3
French_test3,Rec 175,P17,YZWQ1-1.png,1.0,1.0,1.9230769230769231,4004.0,0.15884115884115885,0.002461538461538461,53.07999007207868,7.7142857142857135
French_test3,Rec 175,P17,YZWQ1-2.png,0.9230769230769232,0.9230769230769232,2.3846153846153846,4732.0,0.2967032967032967,0.0027076923076923072,52.22301750706746,2.886363636363636
French_test3,Rec 175,P17,YZWQ1-3.png,0.8333333333333334,0.8333333333333334,2.0,3408.0,0.1784037558685446,0.0045,17.558170091575164,3.1052631578947367
French_test3,Rec 175,P17,EQYY1-1.png,1.0,1.0,8.8,1940.0,0.21237113402061852,0.01038,61.27850512159824,0.17346938775510204
French_test3,Rec 175,P17,EQYY1-2.png,1.0,1.0,8.8,1440.0,0.5055555555555555,0.01316,19.19088642792833,2.2583333333333333
French_test3,Rec 175,P17,EQYY1-3.png,0.9166666666666666,0.8333333333333334,5.166666666666667,1848.0,0.006493506493506494,0.00848333333333333,80.0706719003285,0.3972602739726027
French_test3,Rec 175,P17,MLD1-1.png,0.9444444444444444,1.0,3.0,3240.0,0.2111111111111111,0.003344444444444444,35.75617743736097,3.2
French_test3,Rec 175,P17,MLD1-2.png,0.95,0.9,1.4,3320.0,0.06265060240963856,0.0032800000000000004,57.26677676524115,1.4567901234567902
French_test3,Rec 175,P17,MLD1-3.png,0.4583333333333333,0.4166666666666667,1.0833333333333333,4128.0,0.3624031007751938,0.002133333333333333,92.97160341434521,8.313953488372093
