StudioTestName,RecordName,ParticipantName,Music_score_reading_completeness,Bass_part_reading_completeness,Left_and_right_hand_integration_ability,all_recommended_time,Rhythmic_stability,bar_difficulty_ave,Visual_stability,Spectral_analysis_ability3
French_test3,Rec 254,P25,YZWQ1-1.png,0.5,0.38461538461538464,1.8461538461538465,6344.0,0.5409836065573771,0.002461538461538461,58.77649073068969,9.033898305084746
French_test3,Rec 254,P25,YZWQ1-2.png,0.6153846153846154,0.6923076923076923,0.9230769230769232,1092.0,1.0256410256410255,0.0027076923076923072,37.41062561455861,11.837837837837839
French_test3,Rec 254,P25,YZWQ1-3.png,0.5833333333333334,0.6666666666666666,2.5,336.0,0.4047619047619048,0.0045,85.60060958420144,7.75
French_test3,Rec 254,P25,EQYY1-1.png,0.7,0.8,4.8,220.0,1.0909090909090908,0.01038,28.755099364132185,1.7272727272727273
French_test3,Rec 254,P25,EQYY1-2.png,0.8,1.0,11.8,220.0,5.581818181818181,0.01316,4.430018776377548,25.54545454545455
French_test3,Rec 254,P25,EQYY1-3.png,0.75,0.8333333333333334,8.833333333333334,144.0,0.08333333333333333,0.00848333333333333,64.39630420238387,8.125
French_test3,Rec 254,P25,MLD1-1.png,0.5555555555555556,0.4444444444444444,1.3333333333333333,360.0,0.5888888888888889,0.003344444444444444,56.450108152581855,0.38461538461538464
French_test3,Rec 254,P25,MLD1-2.png,0.4,0.4,0.7,480.0,0.18333333333333326,0.0032800000000000004,44.47113822279748,3.1159420289855078
French_test3,Rec 254,P25,MLD1-3.png,0.5416666666666666,0.6666666666666666,0.6666666666666666,1968.0,0.38414634146341453,0.002133333333333333,76.05886187557711,11.533333333333333
