StudioTestName,RecordName,ParticipantName,singleMediaName,Music_score_reading_completeness,Bass_part_reading_completeness,Left_and_right_hand_integration_ability,all_recommended_time,Rhythmic_stability,bar_difficulty_ave,Visual_stability,Spectral_analysis_ability3
French_test2,Rec 265,P26,EQYY1-1.png,1.0,1.0,15.2,780.0,0.07692307692307693,0.01038,72.50466688882837,2.128205128205128
French_test2,Rec 265,P26,EQYY1-2.png,0.9,1.0,23.4,1320.0,0.3939393939393939,0.01316,43.59654026156529,8.9
French_test2,Rec 265,P26,EQYY1-3.png,0.9166666666666666,1.0,7.833333333333332,696.0,0.10344827586206896,0.00848333333333333,22.19592106384286,2.5
French_test2,Rec 265,P26,YZWQ1-1.png,0.7307692307692307,0.8461538461538461,5.6923076923076925,1508.0,2.2148541114058355,0.002461538461538461,54.902281159085796,8.892857142857142
French_test2,Rec 265,P26,YZWQ1-2.png,0.6538461538461539,0.6923076923076923,3.0769230769230766,6448.0,0.0024813895781637717,0.0027076923076923072,41.20559811398665,3.2190476190476187
French_test2,Rec 265,P26,YZWQ1-3.png,0.75,0.8333333333333334,2.833333333333333,1464.0,0.13114754098360654,0.0045,6.5426288435486075,1.360655737704918
French_test2,Rec 265,P26,MLD1-1.png,0.7777777777777778,0.8888888888888888,5.111111111111111,1440.0,0.7194444444444444,0.003344444444444444,36.69701493087826,1.825
French_test2,Rec 265,P26,MLD1-2.png,0.8,0.9,2.9,3280.0,0.1719512195121951,0.0032800000000000004,24.47085986368563,0.25609756097560976
French_test2,Rec 265,P26,MLD1-3.png,0.5833333333333334,0.75,1.1666666666666667,4368.0,0.2783882783882784,0.002133333333333333,78.09895715087745,12.9
