StudioTestName,RecordName,ParticipantName,singleMediaName,Music_score_reading_completeness,Bass_part_reading_completeness,Left_and_right_hand_integration_ability,all_recommended_time,Rhythmic_stability,bar_difficulty_ave,Visual_stability,Spectral_analysis_ability3
French_test3,Rec 172,P17,YZWQ1-1.png,0.5384615384615384,1.0,1.8461538461538465,13572.0,0.10698496905393456,0.002461538461538461,29.658200655304128,11.302681992337165
French_test3,Rec 172,P17,YZWQ1-2.png,0.5,1.0,0.07692307692307693,8944.0,0.024150268336314847,0.0027076923076923072,42.67255643237372,12.686046511627907
French_test3,Rec 172,P17,YZWQ1-3.png,0.6666666666666666,1.0,0.5,4464.0,0.1532258064516129,0.0045,86.92240810138756,4.574193548387097
French_test3,Rec 172,P17,EQYY1-1.png,0.6,1.0,9.8,1320.0,0.27575757575757576,0.01038,38.51401559039992,2.5083333333333333
French_test3,Rec 172,P17,EQYY1-2.png,0.5,1.0,0.2,2400.0,0.12333333333333335,0.01316,6.441021160085169,5.616666666666666
French_test3,Rec 172,P17,EQYY1-3.png,0.6666666666666666,1.0,8.0,2280.0,0.005263157894736842,0.00848333333333333,29.528485915568996,5.621951219512195
French_test3,Rec 172,P17,MLD1-1.png,0.6666666666666666,1.0,4.5555555555555545,2556.0,0.7558685446009391,0.003344444444444444,48.60475597665535,13.098591549295776
French_test3,Rec 172,P17,MLD1-2.png,0.6,1.0,0.5,5920.0,0.1972972972972973,0.0032800000000000004,45.455883057974006,12.21875
French_test3,Rec 172,P17,MLD1-3.png,0.375,0.5833333333333334,0.5833333333333334,6192.0,0.06912144702842378,0.002133333333333333,88.40964983181513,11.939655172413795
