StudioTestName,RecordName,ParticipantName,singleMediaName,Music_score_reading_completeness,Bass_part_reading_completeness,Left_and_right_hand_integration_ability,all_recommended_time,Rhythmic_stability,bar_difficulty_ave,Visual_stability,Spectral_analysis_ability3
French_test3,Rec 251,P25,YZWQ1-1.png,0.6538461538461539,0.8461538461538461,1.9230769230769231,8528.0,0.0028142589118198874,0.002461538461538461,19.662145754365106,7.048611111111112
French_test3,Rec 251,P25,YZWQ1-2.png,0.7692307692307693,1.0,4.307692307692308,4940.0,0.2550607287449393,0.0027076923076923072,37.835425890988226,7.1782178217821775
French_test3,Rec 251,P25,YZWQ1-3.png,0.6666666666666666,0.6666666666666666,1.8333333333333333,1200.0,1.4333333333333331,0.0045,44.49701873261428,1.3333333333333333
French_test3,Rec 251,P25,EQYY1-1.png,1.0,1.0,19.0,120.0,0.6666666666666666,0.01038,34.30578481832955,6.888888888888888
French_test3,Rec 251,P25,EQYY1-2.png,0.9,0.8,2.8,120.0,4.433333333333334,0.01316,13.461991270305536,29.30769230769231
French_test3,Rec 251,P25,EQYY1-3.png,1.0,1.0,3.1666666666666665,4488.0,0.1746880570409982,0.00848333333333333,32.79354283816621,2.386206896551724
French_test3,Rec 251,P25,MLD1-1.png,0.8333333333333334,0.8888888888888888,4.222222222222221,1728.0,0.1087962962962963,0.003344444444444444,24.34876613243217,4.4848484848484835
French_test3,Rec 251,P25,MLD1-2.png,0.75,0.7,2.3,6200.0,0.07483870967741936,0.0032800000000000004,26.92937943473689,7.283870967741937
French_test3,Rec 251,P25,MLD1-3.png,0.375,0.5,2.25,15072.0,0.6664012738853503,0.002133333333333333,77.48441355140936,19.90566037735849
