StudioTestName,RecordName,ParticipantName,singleMediaName,Music_score_reading_completeness,Bass_part_reading_completeness,Left_and_right_hand_integration_ability,all_recommended_time,Rhythmic_stability,bar_difficulty_ave,Visual_stability,Spectral_analysis_ability3
French_test5,Rec 084,P08,MLD1-1.png,0.7222222222222222,1.0,0.7777777777777778,1728.0,1.025462962962963,0.003344444444444444,30.98741254262216,15.829787234042554
French_test5,Rec 084,P08,MLD1-2.png,0.55,1.0,0.2,6840.0,0.04385964912280702,0.0032800000000000004,52.656281283104676,28.03448275862069
French_test5,Rec 084,P08,MLD1-3.png,0.4166666666666667,0.75,0.16666666666666666,2688.0,1.3348214285714286,0.002133333333333333,76.86094752887979,27.517857142857146
French_test5,Rec 084,P08,EQYY1-1.png,0.8,1.0,38.6,1360.0,0.10294117647058824,0.01038,85.01152539040176,2.8823529411764706
French_test5,Rec 084,P08,EQYY1-2.png,0.7,1.0,1.8,1120.0,0.09642857142857143,0.01316,30.83145954348944,5.76
French_test5,Rec 084,P08,EQYY1-3.png,0.5,0.8333333333333334,1.3333333333333333,1272.0,0.22327044025157236,0.00848333333333333,75.82895234515019,7.169811320754717
French_test5,Rec 084,P08,YZWQ1-1.png,0.6538461538461539,0.9230769230769232,7.0769230769230775,4368.0,1.3040293040293038,0.002461538461538461,59.30549725619093,30.956521739130434
French_test5,Rec 084,P08,YZWQ1-2.png,0.5384615384615384,1.0,0.15384615384615385,7072.0,0.7075791855203621,0.0027076923076923072,30.21607790512783,22.147058823529417
French_test5,Rec 084,P08,YZWQ1-3.png,0.5833333333333334,1.0,0.6666666666666666,8112.0,0.2978303747534517,0.0045,43.62053171397783,17.271604938271604
