StudioTestName,RecordName,ParticipantName,Music_score_reading_completeness,Bass_part_reading_completeness,Left_and_right_hand_integration_ability,all_recommended_time,Rhythmic_stability,bar_difficulty_ave,Visual_stability,Spectral_analysis_ability3
French_test3,Rec 252,P25,YZWQ1-1.png,0.5769230769230769,0.5384615384615384,2.5384615384615383,2392.0,0.008361204013377926,0.002461538461538461,90.33843117507641,11.347826086956523
French_test3,Rec 252,P25,YZWQ1-2.png,0.7307692307692307,0.7692307692307693,2.769230769230769,1560.0,1.5384615384615383,0.0027076923076923072,44.299200468912304,4.5
French_test3,Rec 252,P25,YZWQ1-3.png,0.3333333333333333,0.3333333333333333,1.6666666666666667,1152.0,0.7673611111111112,0.0045,77.84976288720938,1.8
French_test3,Rec 252,P25,EQYY1-1.png,0.9,1.0,13.2,220.0,0.8363636363636363,0.01038,89.59390064368114,8.11111111111111
French_test3,Rec 252,P25,EQYY1-2.png,0.9,1.0,16.2,1520.0,0.2631578947368421,0.01316,38.94464559484853,23.117647058823533
French_test3,Rec 252,P25,EQYY1-3.png,0.8333333333333334,1.0,11.166666666666664,2976.0,0.2258064516129032,0.00848333333333333,12.439070369987444,35.06666666666667
French_test3,Rec 252,P25,MLD1-1.png,0.7222222222222222,0.8888888888888888,4.0,936.0,1.1794871794871795,0.003344444444444444,47.636643830434465,5.807692307692308
French_test3,Rec 252,P25,MLD1-2.png,0.65,0.9,3.0,6800.0,0.06470588235294117,0.0032800000000000004,34.887308991766965,18.386666666666667
French_test3,Rec 252,P25,MLD1-3.png,0.625,0.8333333333333334,0.8333333333333334,3168.0,0.09595959595959597,0.002133333333333333,86.85671783912187,20.43478260869565
