StudioTestName,RecordName,ParticipantName,Music_score_reading_completeness,Bass_part_reading_completeness,Left_and_right_hand_integration_ability,all_recommended_time,Rhythmic_stability,bar_difficulty_ave,Visual_stability,Spectral_analysis_ability3
French_test5,Rec 092,P09,MLD1-1.png,0.6666666666666666,0.8888888888888888,5.5555555555555545,4104.0,0.260233918128655,0.003344444444444444,39.037294214653244,10.81967213114754
French_test5,Rec 092,P09,MLD1-2.png,0.6,1.0,0.4,3160.0,0.10379746835443038,0.0032800000000000004,63.20213362003546,4.9753086419753085
French_test5,Rec 092,P09,MLD1-3.png,0.4583333333333333,0.5833333333333334,0.4166666666666667,2304.0,0.1701388888888889,0.002133333333333333,41.97756797658262,13.043478260869565
French_test5,Rec 092,P09,EQYY1-1.png,0.8,1.0,3.4,540.0,0.0962962962962963,0.01038,69.79445029978946,5.6190476190476195
French_test5,Rec 092,P09,EQYY1-2.png,1.0,1.0,28.4,320.0,5.8375,0.01316,32.927471307259914,21.809523809523807
French_test5,Rec 092,P09,EQYY1-3.png,0.8333333333333334,1.0,3.1666666666666665,528.0,0.7121212121212122,0.00848333333333333,45.136213881113264,5.227272727272728
French_test5,Rec 092,P09,YZWQ1-1.png,0.7692307692307693,1.0,10.769230769230768,2392.0,0.08862876254180603,0.002461538461538461,51.918657734733,3.0408163265306123
French_test5,Rec 092,P09,YZWQ1-2.png,0.6538461538461539,0.9230769230769232,2.0,2912.0,0.01510989010989011,0.0027076923076923072,53.9267335454268,18.125
French_test5,Rec 092,P09,YZWQ1-3.png,0.75,1.0,8.5,768.0,1.1666666666666667,0.0045,49.87643242561944,11.172413793103447
