StudioTestName,RecordName,ParticipantName,singleMediaName,Music_score_reading_completeness,Bass_part_reading_completeness,Left_and_right_hand_integration_ability,all_recommended_time,Rhythmic_stability,bar_difficulty_ave,Visual_stability,Spectral_analysis_ability3
French_test5,Rec 071,P07,MLD1-1.png,0.5555555555555556,0.5555555555555556,2.0,432.0,0.3611111111111111,0.003344444444444444,67.74256196701626,9.772727272727273
French_test5,Rec 071,P07,MLD1-2.png,0.5,0.4,2.2,2000.0,0.386,0.0032800000000000004,37.756036275126384,5.333333333333333
French_test5,Rec 071,P07,MLD1-3.png,0.375,0.3333333333333333,0.75,960.0,0.5875,0.002133333333333333,88.39106780857695,1.3636363636363635
French_test5,Rec 071,P07,EQYY1-1.png,1.0,1.0,6.0,220.0,0.10909090909090907,0.01038,65.34669632264746,0.18181818181818185
French_test5,Rec 071,P07,EQYY1-2.png,0.9,0.8,7.0,340.0,0.5764705882352941,0.01316,10.588917204208565,1.2352941176470589
French_test5,Rec 071,P07,EQYY1-3.png,0.75,0.6666666666666666,3.8333333333333335,240.0,0.9333333333333332,0.00848333333333333,88.47860421525043,0.15789473684210525
French_test5,Rec 071,P07,YZWQ1-1.png,0.4230769230769231,0.5384615384615384,5.384615384615384,1352.0,0.4763313609467456,0.002461538461538461,86.97443033355671,5.368421052631579
French_test5,Rec 071,P07,YZWQ1-2.png,0.19230769230769232,0.2307692307692308,0.6153846153846154,416.0,0.7596153846153846,0.0027076923076923072,70.86934744090506,0.8888888888888888
French_test5,Rec 071,P07,YZWQ1-3.png,0.0,0.0,0.0,0,0,0.0045,0.0,0
