StudioTestName,RecordName,ParticipantName,singleMediaName,Music_score_reading_completeness,Bass_part_reading_completeness,Left_and_right_hand_integration_ability,all_recommended_time,Rhythmic_stability,bar_difficulty_ave,Visual_stability,Spectral_analysis_ability3
French_test5,Rec 082,P08,MLD1-1.png,0.3888888888888889,0.4444444444444444,1.6666666666666667,1692.0,0.5130023640661938,0.003344444444444444,68.18376037909701,1.068181818181818
French_test5,Rec 082,P08,MLD1-2.png,0.45,0.6,0.8,1720.0,0.4162790697674417,0.0032800000000000004,60.622622826582344,6.424242424242424
French_test5,Rec 082,P08,MLD1-3.png,0.4583333333333333,0.5,1.0,1968.0,0.1483739837398374,0.002133333333333333,75.00696082997393,1.6756756756756757
French_test5,Rec 082,P08,EQYY1-1.png,0.9,1.0,26.8,900.0,0.16,0.01038,37.6716701297735,2.9318181818181817
French_test5,Rec 082,P08,EQYY1-2.png,0.8,1.0,20.2,960.0,0.12916666666666668,0.01316,24.97187084557835,4.422222222222223
French_test5,Rec 082,P08,EQYY1-3.png,0.75,0.8333333333333334,9.5,912.0,0.5394736842105263,0.00848333333333333,64.05868489159185,28.54545454545455
French_test5,Rec 082,P08,YZWQ1-1.png,0.5,0.6923076923076923,0.4615384615384616,2756.0,0.050798258345428164,0.002461538461538461,49.57784272724511,11.229166666666664
French_test5,Rec 082,P08,YZWQ1-2.png,0.4615384615384616,0.6923076923076923,0.38461538461538464,3588.0,0.7123745819397993,0.0027076923076923072,77.18334667491608,20.492753623188406
French_test5,Rec 082,P08,YZWQ1-3.png,0.8333333333333334,1.0,5.666666666666668,3864.0,0.006211180124223602,0.0045,59.11836417423182,17.80769230769231
