StudioTestName,RecordName,ParticipantName,singleMediaName,Music_score_reading_completeness,Bass_part_reading_completeness,Left_and_right_hand_integration_ability,all_recommended_time,Rhythmic_stability,bar_difficulty_ave,Visual_stability,Spectral_analysis_ability3
French_test5,Rec 072,P07,MLD1-1.png,0.5,0.3333333333333333,1.5555555555555556,360.0,0.3,0.003344444444444444,62.07748676899035,4.9
French_test5,Rec 072,P07,MLD1-2.png,0.55,0.6,1.6,1160.0,0.296551724137931,0.0032800000000000004,38.37276541697342,4.863636363636363
French_test5,Rec 072,P07,MLD1-3.png,0.16666666666666666,0.16666666666666666,0.5833333333333334,912.0,0.6842105263157895,0.002133333333333333,56.80078714302198,1.3157894736842106
French_test5,Rec 072,P07,EQYY1-1.png,0.9,0.8,16.4,320.0,0.0125,0.01038,89.5582371541362,0.14285714285714285
French_test5,Rec 072,P07,EQYY1-2.png,0.3,0.4,0.6,920.0,0.7739130434782608,0.01316,67.83111935992315,4.2
French_test5,Rec 072,P07,EQYY1-3.png,0.0,0.0,0.0,0,0,0.00848333333333333,0.0,0
French_test5,Rec 072,P07,YZWQ1-1.png,0.0,0.0,0.0,0,0,0.002461538461538461,0.0,0
French_test5,Rec 072,P07,YZWQ1-2.png,0.0,0.0,0.0,0,0,0.0027076923076923072,0.0,0
French_test5,Rec 072,P07,YZWQ1-3.png,0.0,0.0,0.0,0,0,0.0045,0.0,0
