StudioTestName,RecordName,ParticipantName,Music_score_reading_completeness,Bass_part_reading_completeness,Left_and_right_hand_integration_ability,all_recommended_time,Rhythmic_stability,bar_difficulty_ave,Visual_stability,Spectral_analysis_ability3
French_test5,Rec 073,P07,MLD1-1.png,0.8333333333333334,0.6666666666666666,3.0,1512.0,0.03439153439153439,0.003344444444444444,49.07232135268689,3.5789473684210527
French_test5,Rec 073,P07,MLD1-2.png,0.75,0.6,2.0,520.0,2.6846153846153844,0.0032800000000000004,38.11215371630141,1.6923076923076923
French_test5,Rec 073,P07,MLD1-3.png,0.8333333333333334,0.8333333333333334,2.333333333333333,864.0,0.5416666666666666,0.002133333333333333,68.48624561690272,4.894736842105263
French_test5,Rec 073,P07,EQYY1-1.png,1.0,1.0,4.0,220.0,2.4363636363636365,0.01038,49.235951828152636,2.2857142857142856
French_test5,Rec 073,P07,EQYY1-2.png,0.9,0.8,5.6,360.0,0.4777777777777778,0.01316,63.90345137795942,0.9523809523809524
French_test5,Rec 073,P07,EQYY1-3.png,0.8333333333333334,0.8333333333333334,6.166666666666668,960.0,0.15416666666666667,0.00848333333333333,79.95848631497469,1.6
French_test5,Rec 073,P07,YZWQ1-1.png,0.8846153846153846,0.7692307692307693,3.692307692307693,1092.0,0.7179487179487181,0.002461538461538461,53.860648065959204,9.875
French_test5,Rec 073,P07,YZWQ1-2.png,0.8846153846153846,0.9230769230769232,5.846153846153847,832.0,0.8605769230769231,0.0027076923076923072,58.24630867195906,11.3125
French_test5,Rec 073,P07,YZWQ1-3.png,0.9166666666666666,0.8333333333333334,6.0,432.0,0.05555555555555555,0.0045,48.11823994286676,0.21428571428571427
