StudioTestName,RecordName,ParticipantName,singleMediaName,Music_score_reading_completeness,Bass_part_reading_completeness,Left_and_right_hand_integration_ability,all_recommended_time,Rhythmic_stability,bar_difficulty_ave,Visual_stability,Spectral_analysis_ability3
French_test5,Rec 095,P09,MLD1-1.png,0.9444444444444444,0.8888888888888888,2.6666666666666665,4032.0,0.06349206349206349,0.003344444444444444,25.89498096400024,1.0333333333333334
French_test5,Rec 095,P09,MLD1-2.png,1.0,1.0,3.9,3760.0,0.1829787234042553,0.0032800000000000004,39.07029920486495,1.2666666666666666
French_test5,Rec 095,P09,MLD1-3.png,0.5,0.5,3.333333333333333,3648.0,0.4155701754385965,0.002133333333333333,88.17599533949537,3.7704918032786887
French_test5,Rec 095,P09,EQYY1-1.png,1.0,1.0,50.8,1960.0,0.22040816326530613,0.01038,65.31136872643975,2.2151898734177213
French_test5,Rec 095,P09,EQYY1-2.png,1.0,1.0,48.8,520.0,0.4307692307692308,0.01316,40.855346569519575,2.8076923076923075
French_test5,Rec 095,P09,EQYY1-3.png,0.9166666666666666,0.8333333333333334,36.66666666666666,744.0,0.08064516129032258,0.00848333333333333,44.350860351814305,7.3181818181818175
French_test5,Rec 095,P09,YZWQ1-1.png,0.8461538461538461,1.0,11.923076923076925,4472.0,0.3291592128801431,0.002461538461538461,47.173639453946784,5.580952380952381
French_test5,Rec 095,P09,YZWQ1-2.png,0.9615384615384616,1.0,10.307692307692307,2080.0,0.5230769230769231,0.0027076923076923072,44.485842444814175,5.848837209302325
French_test5,Rec 095,P09,YZWQ1-3.png,0.9166666666666666,1.0,7.0,4008.0,0.3093812375249501,0.0045,54.076570635185526,1.3688524590163935
