StudioTestName,RecordName,ParticipantName,Music_score_reading_completeness,Bass_part_reading_completeness,Left_and_right_hand_integration_ability,all_recommended_time,Rhythmic_stability,bar_difficulty_ave,Visual_stability,Spectral_analysis_ability3
French_test5,Rec 085,P08,MLD1-1.png,0.9444444444444444,1.0,9.222222222222221,2232.0,0.3835125448028674,0.003344444444444444,28.450102963293762,17.786290322580644
French_test5,Rec 085,P08,MLD1-2.png,1.0,1.0,4.3,3360.0,0.22976190476190475,0.0032800000000000004,35.639208696859505,9.909090909090908
French_test5,Rec 085,P08,MLD1-3.png,0.5416666666666666,0.5,2.333333333333333,3120.0,0.3576923076923077,0.002133333333333333,95.35877193575027,12.507042253521126
French_test5,Rec 085,P08,EQYY1-1.png,1.0,1.0,32.8,1700.0,0.13411764705882356,0.01038,4.1267096795556295,4.7627118644067785
French_test5,Rec 085,P08,EQYY1-2.png,1.0,1.0,27.4,940.0,4.296808510638298,0.01316,32.67966155948164,10.101063829787234
French_test5,Rec 085,P08,EQYY1-3.png,1.0,1.0,18.83333333333333,1632.0,0.38235294117647056,0.00848333333333333,12.88196419074835,1.5588235294117647
French_test5,Rec 085,P08,YZWQ1-1.png,1.0,1.0,7.0769230769230775,6032.0,1.0550397877984086,0.002461538461538461,45.732952156507274,17.721649484536083
French_test5,Rec 085,P08,YZWQ1-2.png,1.0,1.0,8.384615384615385,3484.0,0.3628013777267509,0.0027076923076923072,41.55546715467397,1.7261904761904765
French_test5,Rec 085,P08,YZWQ1-3.png,1.0,1.0,7.166666666666668,1632.0,0.17892156862745098,0.0045,50.429223362080066,3.9133858267716537
