StudioTestName,RecordName,ParticipantName,Music_score_reading_completeness,Bass_part_reading_completeness,Left_and_right_hand_integration_ability,all_recommended_time,Rhythmic_stability,bar_difficulty_ave,Visual_stability,Spectral_analysis_ability3
French_test3,Rec 253,P25,YZWQ1-1.png,0.5,0.5384615384615384,2.4615384615384617,3276.0,0.058608058608058615,0.002461538461538461,52.28897082134254,10.3125
French_test3,Rec 253,P25,YZWQ1-2.png,0.38461538461538464,0.7692307692307693,0.07692307692307693,5200.0,0.23384615384615384,0.0027076923076923072,33.2149973309077,9.96
French_test3,Rec 253,P25,YZWQ1-3.png,0.75,1.0,3.6666666666666665,3816.0,0.1792452830188679,0.0045,53.95312149194059,4.675213675213676
French_test3,Rec 253,P25,EQYY1-1.png,0.9,1.0,15.2,320.0,0.7125,0.01038,87.61552780512707,1.75
French_test3,Rec 253,P25,EQYY1-2.png,0.8,1.0,11.6,2340.0,0.1247863247863248,0.01316,64.86179053416765,2.6923076923076925
French_test3,Rec 253,P25,EQYY1-3.png,0.9166666666666666,1.0,9.666666666666666,1848.0,0.041125541125541135,0.00848333333333333,54.6292814072097,6.036363636363636
French_test3,Rec 253,P25,MLD1-1.png,0.8333333333333334,1.0,6.666666666666668,2268.0,0.19929453262786595,0.003344444444444444,32.61511403892931,7.105263157894738
French_test3,Rec 253,P25,MLD1-2.png,0.75,1.0,4.6,7560.0,0.14497354497354498,0.0032800000000000004,26.275123768387164,12.415094339622641
French_test3,Rec 253,P25,MLD1-3.png,0.4583333333333333,0.75,0.3333333333333333,4320.0,0.337037037037037,0.002133333333333333,86.73994602460729,13.622222222222224
