track,instrument,start_time,end_time,note_type,note_strength
0,,22.975537,23.121878000000002,39,40
0,,23.41456,23.707242,32,3c
0,,24.731629,24.87797,3a,40
0,,69.804657,69.950998,39,40
0,,70.24368,70.536362,32,3c
0,,71.560749,71.70709000000001,3a,40
0,,24.87797,108.87770400000001,3e,41
0,,71.70709000000001,108.87770400000001,3e,41
