track,instrument,start_time,end_time,note_type,note_strength
0,,63.36,64.32000000000001,4e,40
0,,169.92000000000002,170.88,50,40
