track,instrument,start_time,end_time,note_type,note_strength
0,,0.296296,0.36111075,41,40
0,,0.888888,0.9537027499999999,37,40
0,,1.037036,1.1759247499999999,35,40
0,,1.185184,1.24999875,26,40
0,,1.6296279999999999,1.6944427499999999,2f,40
0,,1.6666649999999998,1.7685167499999999,37,40
0,,7.555548,7.814807,2c,40
