track,instrument,start_time,end_time,note_type,note_strength
0,,5.097217125,5.1296245,45,40
0,,65.76845275,65.986045125,43,40
0,,113.171183125,113.198960875,4e,40
